t,l_0_0,l_0_1,l_0_2,l_1_0,l_1_1,l_1_2,l_dot_0_0,l_dot_0_1,l_dot_0_2,l_dot_1_0,l_dot_1_1,l_dot_1_2
0.000000000000000000e+00,0.000000000000000000e+00,0.000000000000000000e+00,0.000000000000000000e+00,0.000000000000000000e+00,0.000000000000000000e+00,0.000000000000000000e+00,0.000000000000000000e+00,0.000000000000000000e+00,0.000000000000000000e+00,0.000000000000000000e+00,0.000000000000000000e+00,0.000000000000000000e+00
1.000000000000000021e-02,-5.857942243530191769e-05,8.406963794777989993e-05,8.682729499262313003e-05,-3.586231417281604154e-05,7.303681074391697140e-05,7.514676262831960054e-05,-1.110246130046099039e-02,1.716987639961116072e-02,1.780115332972211084e-02,-6.270531885907556710e-03,1.483284740980927476e-02,1.530789680335494125e-02
2.000000000000000042e-02,-2.089669000142097162e-04,3.632077240096099084e-04,3.776525902552923652e-04,-9.257113836310084851e-05,3.071495667425405349e-04,3.174198805129115975e-04,-1.871723458895840908e-02,4.017633161142903503e-02,4.199715304332563015e-02,-2.825702695283052734e-03,3.256763596991706089e-02,3.374269054544541679e-02
2.999999999999999889e-02,-4.401066342311364720e-04,9.205745915332158146e-04,9.627300426067642199e-04,-4.194906416478440123e-05,7.303875855132638348e-04,7.557950432520352778e-04,-2.843884376787669463e-02,7.275281306211726917e-02,7.665025852091841840e-02,1.547646756250559662e-02,5.193730647370303766e-02,5.375195152814186278e-02
4.000000000000000083e-02,-7.913954527412341185e-04,1.836596350151603911e-03,1.932802518481625213e-03,2.652153359355009484e-04,1.336543731917272815e-03,1.381727264726663462e-03,-4.154678816554666088e-02,1.104797667040252757e-01,1.175663803069203206e-01,4.805602615343447515e-02,6.858545468916320276e-02,7.063070266455372115e-02
5.000000000000000278e-02,-1.239991514450638089e-03,3.110239461347134859e-03,3.296321661647575764e-03,9.502440037747572447e-04,2.085254252101812877e-03,2.149407271950184474e-03,-4.572455822885401755e-02,1.423570061090399796e-01,1.532851873941963039e-01,8.972840396420288245e-02,8.021687874163417609e-02,8.185727948521287489e-02
5.999999999999999778e-02,-1.639408033153494891e-03,4.621366957321413997e-03,4.934347133230847747e-03,2.046319804134241836e-03,2.918775864321854728e-03,2.995178570189313549e-03,-3.059828631208946770e-02,1.556715285473170285e-01,1.698848068676272471e-01,1.270224220380116453e-01,8.517960304281485540e-02,8.596465056021514173e-02
7.000000000000000666e-02,-1.817204390279688339e-03,6.147524706339307921e-03,6.612133061269820020e-03,3.420652014940517727e-03,3.761042920699707477e-03,3.841687721248384681e-03,-4.524423275426354973e-03,1.463016418386074158e-01,1.621167379155892263e-01,1.439987471124091756e-01,8.190756765604086109e-02,8.205482920094754606e-02
8.000000000000000167e-02,-1.747290054203188463e-03,7.498969663093948967e-03,8.122969127457836669e-03,4.853692642947951552e-03,4.530988093816619953e-03,4.612634470304720520e-03,1.678505910629472797e-02,1.223415672585875663e-01,1.381645590900927867e-01,1.395505456698833968e-01,7.084550914308665459e-02,7.103747871615025133e-02
8.999999999999999667e-02,-1.517158140996240946e-03,8.574703443599729358e-03,9.351601024275308510e-03,6.167314154212801512e-03,5.158138538583978243e-03,5.245138075193799855e-03,2.757573490129368657e-02,9.240090313103692388e-02,1.069784687690928382e-01,1.217667321030891786e-01,5.386631997127078186e-02,5.484733644762278260e-02
1.000000000000000056e-01,-1.224999655787260703e-03,9.346586755543008843e-03,1.025885435881400409e-02,7.274558839443175974e-03,5.597388762485553879e-03,5.700363403845095343e-03,2.958385396389567878e-02,6.258855804982037252e-02,7.494003639686960816e-02,9.979124437719009977e-02,3.380564114763658090e-02,3.606471385813606739e-02
1.100000000000000006e-01,-9.382838543593590179e-04,9.843499078792592588e-03,1.086622554427713223e-02,8.173200255126713415e-03,5.839649941565798995e-03,5.971424229705381802e-03,2.769279890896909901e-02,3.769573990136475955e-02,4.745173087515597993e-02,8.059851997740678786e-02,1.524575950505734079e-02,1.867476595267423406e-02
1.199999999999999956e-01,-6.650946580133523280e-04,1.012016995831146668e-02,1.122884787427472740e-02,8.902871306787796257e-03,5.919054659662934502e-03,6.088453300995777528e-03,2.781852516401829914e-02,1.841507169652835396e-02,2.599441429132023917e-02,6.598710439611923939e-02,1.689982531141320625e-03,5.638675507543264472e-03
1.300000000000000044e-01,-3.671242257132426696e-04,1.022459282477778189e-02,1.140170883248363236e-02,9.500931775859719139e-03,5.892610967831887064e-03,6.100810340318962161e-03,3.230209424387742861e-02,3.026489313563314465e-03,9.261211581426672529e-03,5.382210834255535953e-02,-6.131647512994962967e-03,-2.424404782955007914e-03
1.400000000000000133e-01,-1.344449011958983312e-05,1.019018507133363435e-02,1.142566670612892195e-02,9.979456506997240461e-03,5.810552128834279260e-03,6.052597347793398086e-03,3.841567619575566445e-02,-9.451877362591967757e-03,-3.936099386660980338e-03,4.177871968000143599e-02,-9.717795188742269635e-03,-6.698121869213853261e-03
1.499999999999999944e-01,3.907891999844557551e-04,1.004649450438554852e-02,1.133447543327093139e-02,1.033405687026193662e-02,5.705627832004444080e-03,5.974139065953135153e-03,4.160720570796661716e-02,-1.868609293214204894e-02,-1.370235643720847836e-02,2.900931570297034592e-02,-1.101845145997763092e-02,-8.723382423566223773e-03
1.600000000000000033e-01,7.986775855833782526e-04,9.828920165622149346e-03,1.116370001506026763e-02,1.055783649979703288e-02,5.593050364917542816e-03,5.881821584735241748e-03,3.888478365402747022e-02,-2.420650600188813811e-02,-1.985996217020938662e-02,1.571522120042719364e-02,-1.143817394735480511e-02,-9.625814267097309446e-03
1.700000000000000122e-01,1.145643121417155418e-03,9.574780759510145497e-03,1.094892449592131146e-02,1.064877463807047814e-02,5.476757369566211467e-03,5.782789138181458448e-03,2.934930957557108783e-02,-2.602125775516041586e-02,-2.254215044731396056e-02,2.543864676866144578e-03,-1.188994231088629817e-02,-1.017714356674932936e-02
1.799999999999999933e-01,1.367723861600327485e-03,9.318411547379270785e-03,1.072213636748021656e-02,1.061120937232253036e-02,5.354083285767812124e-03,5.678399445717755879e-03,1.449062846367469778e-02,-2.488211498846455358e-02,-2.245672329507179474e-02,-9.885931883956845800e-03,-1.267611785649503178e-02,-1.067994284157828926e-02
1.900000000000000022e-01,1.427598493263272216e-03,9.082812644135688368e-03,1.050537689027599905e-02,1.045505999091787992e-02,5.222521312385475060e-03,5.569414738771829264e-03,-2.618782112967331724e-03,-2.206582232567279311e-02,-2.072174036979353151e-02,-2.113382377743686091e-02,-1.363751176579583099e-02,-1.107962088456812544e-02
2.000000000000000111e-01,1.321530697702790738e-03,8.877554615535718924e-03,1.030901468830468064e-02,1.019330399563750204e-02,5.082827111687202720e-03,5.458544990891259739e-03,-1.796130350585261118e-02,-1.908465096451195109e-02,-1.857122796151340974e-02,-3.095633721865555590e-02,-1.416941690444205836e-02,-1.097213335894937219e-02
2.099999999999999922e-01,1.085519891534902828e-03,8.697377634619692793e-03,1.013213688311508098e-02,9.841333383141996280e-03,4.942460461348831616e-03,5.352836900594365281e-03,-2.805025470589155717e-02,-1.726480402213984716e-02,-1.697797228816649504e-02,-3.913782088438558932e-02,-1.367916487138810637e-02,-9.992745010179028553e-03
2.200000000000000011e-01,7.852383412533871536e-04,8.525535652652524790e-03,9.966111203479011138e-03,9.417037189055158311e-03,4.813930191373435447e-03,5.262128976334746154e-03,-3.072406974320267270e-02,-1.746691409120851302e-02,-1.639385188231714044e-02,-4.536085641332950752e-02,-1.179529070098671133e-02,-7.990755295255839302e-03
2.300000000000000100e-01,4.973097997473921493e-04,8.340528577888415770e-03,9.801469073409750654e-03,8.942137927073759082e-03,4.711436567728545868e-03,5.196059171101313941e-03,-2.557720331651134119e-02,-1.988853142549307576e-02,-1.660894832516648240e-02,-4.916843055046037081e-02,-8.443590756532025343e-03,-5.077607127537206097e-03
2.399999999999999911e-01,2.945731711825542022e-04,8.122515724879790164e-03,9.633781552419026437e-03,8.442986476759275702e-03,4.649222451767281300e-03,5.162606385348448602e-03,-1.407949042594286958e-02,-2.393777301156163953e-02,-1.682638033304633199e-02,-5.010900275876471743e-02,-3.827917542820132718e-03,-1.561277544957208070e-03
2.500000000000000000e-01,2.266986118741875242e-04,7.861656592618641512e-03,9.470545497969886165e-03,7.951444453143202001e-03,4.638825499167536365e-03,5.166098363077292234e-03,6.131540533757112721e-04,-2.808845615210153746e-02,-1.554323267038935225e-02,-4.765970780015637426e-02,1.794856806549321310e-03,2.218910752032168462e-03
2.600000000000000089e-01,3.014221225443795664e-04,7.566630837372174609e-03,9.330111286477801857e-03,7.500917015204312810e-03,4.684249498534236167e-03,5.204753013698983251e-03,1.361046280856887704e-02,-3.040043650267278824e-02,-1.214708035052402060e-02,-4.195623821835680473e-02,7.167627129614521572e-03,5.355159243516711964e-03
2.700000000000000178e-01,4.776699875295188896e-04,7.263323484560794616e-03,9.229763730956101406e-03,7.119005080355552371e-03,4.773457355011764824e-03,5.266088563469118952e-03,2.055899063396507409e-02,-2.990466287301192863e-02,-8.077885997618858976e-03,-3.428807533009681913e-02,1.009016473662494896e-02,6.480621859342601196e-03
2.800000000000000266e-01,6.947423385089225361e-04,6.973392942679736486e-03,9.163010504577181331e-03,6.815564328217518786e-03,4.874926507765967205e-03,5.326465887482494457e-03,2.226893603760171994e-02,-2.794909738555128795e-02,-5.575163321873413506e-03,-2.644677754989963395e-02,9.780049744194024841e-03,5.302199175980196189e-03
2.899999999999999800e-01,9.171332177507201134e-04,6.704252160411484397e-03,9.112272694949912974e-03,6.587932913966439326e-03,4.963026264755184512e-03,5.368124882097823763e-03,2.202695254910140218e-02,-2.583987894556833559e-02,-4.744429554177255828e-03,-1.916835121908140593e-02,7.697170604682343834e-03,2.940210739098221386e-03
2.999999999999999889e-01,1.133071938279612677e-03,6.458765372348275469e-03,9.068042526754050217e-03,6.431233769210506664e-03,5.029291320158851657e-03,5.385659407850734194e-03,2.109771537190361854e-02,-2.307387460230010678e-02,-3.949029381777782732e-03,-1.217785094813867396e-02,5.721840085193770180e-03,6.822589824336811049e-04
3.099999999999999978e-01,1.338494908674451407e-03,6.247135882909544968e-03,9.037187781420567487e-03,6.344423257846239228e-03,5.081936938139837087e-03,5.384975839216432636e-03,2.001888514743798211e-02,-1.899341675160182846e-02,-1.964638561556625307e-03,-5.160935774747986426e-03,5.115375373794858911e-03,-5.982932077119346333e-04
3.200000000000000067e-01,1.536056593004065610e-03,6.083667933166602218e-03,9.033844838180560624e-03,6.328469840109457456e-03,5.138556622798385633e-03,5.378817663471376076e-03,1.973979381814729497e-02,-1.352726878496264551e-02,1.504728754551036551e-03,1.965828406030980732e-03,6.566479254208707969e-03,-3.580853965311207214e-04
3.300000000000000155e-01,1.740516396272170137e-03,5.977784171814690822e-03,9.069215064249016092e-03,6.382352638993350410e-03,5.219636932797898539e-03,5.383115339053022586e-03,2.160624773423654860e-02,-7.763687417276191917e-03,5.499156866416988337e-03,8.619697673914607228e-03,9.877457061024918702e-03,1.441291166896216608e-03
3.400000000000000244e-01,1.976778614702483141e-03,5.923268407176315864e-03,9.139855552521385096e-03,6.494799880622106371e-03,5.338244525062861914e-03,5.410803327740856643e-03,2.593199976628224324e-02,-3.485852742412216126e-03,8.346749831445138962e-03,1.346002799548738291e-02,1.381926263127791071e-02,4.172674205970049524e-03
3.500000000000000333e-01,2.259823440261737437e-03,5.899928203945273460e-03,9.228960075707580424e-03,6.640830329838815459e-03,5.492358893985499479e-03,5.465953367739225313e-03,3.046045214657368272e-02,-1.565094175853931624e-03,9.132841566775302955e-03,1.516641178780451377e-02,1.672932725067801524e-02,6.755423903601511307e-03
3.599999999999999867e-01,2.578187709757986772e-03,5.886435787391408776e-03,9.317665073203732287e-03,6.787695794255375718e-03,5.667294391600234682e-03,5.543481411158517232e-03,3.271761431434326572e-02,-1.306729795055280906e-03,8.464433891411996674e-03,1.376820770044382379e-02,1.800207292365449060e-02,8.625296840218808769e-03
3.699999999999999956e-01,2.903095534054346821e-03,5.871847778123545115e-03,9.396676088032922605e-03,6.908924577987733510e-03,5.847629277269267463e-03,5.635820468522356914e-03,3.169502679432831260e-02,-1.644029634168546212e-03,7.312849874479372334e-03,1.018752586595183737e-02,1.785479195996486287e-02,9.713990451201231363e-03
3.800000000000000044e-01,3.202674607041383278e-03,5.853758839008700761e-03,9.464456446375902818e-03,6.987931475553263612e-03,6.021281402049672923e-03,5.735717630082022567e-03,2.783390647275646099e-02,-1.939679521406560865e-03,6.296998482582118195e-03,5.520685357293109163e-03,1.675719957149487266e-02,1.017971345027009200e-02
3.900000000000000133e-01,3.453615034331742033e-03,5.834003571120728766e-03,9.523931127128739196e-03,7.018821444543065294e-03,6.180963919098781713e-03,5.837899535273098107e-03,2.217052589275954333e-02,-1.940670675963830291e-03,5.699135283156337925e-03,7.367775807509441711e-04,1.513970496616518294e-02,1.020906143108122818e-02
4.000000000000000222e-01,3.643638462087700827e-03,5.816086251963690189e-03,9.580184951808812591e-03,7.004790628340661941e-03,6.323407107905909541e-03,5.938962976220575618e-03,1.576854922762695177e-02,-1.580595316495782233e-03,5.645264413453238324e-03,-3.391375901102592141e-03,1.333147920837620889e-02,9.964137893373647276e-03
4.100000000000000311e-01,3.768871886034681849e-03,5.803575101070156637e-03,9.638740731728967157e-03,6.954886076055397624e-03,6.447481781502465738e-03,6.036472101362312832e-03,9.326732123775140215e-03,-8.701945913248819876e-04,6.158344194991269283e-03,-6.357415331799947701e-03,1.148447588599708045e-02,9.502263681728153472e-03
4.199999999999999845e-01,3.831411568008602671e-03,5.799214775968185992e-03,9.704384195691291223e-03,6.881895676859474571e-03,6.552748992828765981e-03,6.127995685934874669e-03,3.267720942571003886e-03,-2.473287102595402021e-06,6.983373495946698824e-03,-8.032252936437682747e-03,9.532076577293066219e-03,8.733984700515742827e-03
4.299999999999999933e-01,3.836642090560514733e-03,5.803025689099107487e-03,9.778052149967316961e-03,6.798148696489205237e-03,6.637297182106400607e-03,6.209701582585655695e-03,-2.065505607937688504e-03,7.132849560246511643e-04,7.699234599814113421e-03,-8.541548642966500723e-03,7.332969563693691496e-03,7.532796274194776716e-03
4.400000000000000022e-01,3.793708600155993281e-03,5.811770204709359663e-03,9.856400712757026547e-03,6.713891367077295252e-03,6.698225937300014872e-03,6.276971916987171204e-03,-6.302334802906535242e-03,9.181695965243433059e-04,7.830504765848072743e-03,-8.195721411228719042e-03,4.787306511349885899e-03,5.834699844413340081e-03
4.500000000000000111e-01,3.715174179706830920e-03,5.818983958720038915e-03,9.931826826411705930e-03,6.636058523296217357e-03,6.732012429805747308e-03,6.324944063080661233e-03,-9.166886681571553494e-03,4.016202771122774542e-04,7.109627682830825177e-03,-7.297714378505697555e-03,1.928043674960472006e-03,3.697783966803448556e-03
4.600000000000000200e-01,3.615224472449587480e-03,5.817367246873680724e-03,9.995743539934551572e-03,6.569012944505823320e-03,6.736221277020598003e-03,6.349968655569125132e-03,-1.059079751942779840e-02,-8.239063469512403160e-04,5.564553362699176109e-03,-6.067448008269625027e-03,-1.084851603675343178e-03,1.285138501173846686e-03
4.700000000000000289e-01,3.507656763731787936e-03,5.800865382289917271e-03,1.004135491148534787e-02,6.515404811174705345e-03,6.710648651978137758e-03,6.350497257322325860e-03,-1.071920793791314094e-02,-2.542022633864059016e-03,3.485333774488774076e-03,-4.621923951865208186e-03,-4.001257117600583169e-03,-1.175206646483003669e-03
4.799999999999999822e-01,3.404338499234925344e-03,5.766040200034626938e-03,1.006523412003662230e-02,6.477294283408974000e-03,6.657568949919897942e-03,6.327171092967585377e-03,-9.793536284385361002e-03,-4.410022788803396286e-03,1.336744787917243556e-03,-2.959877330762371132e-03,-6.507973489845689415e-03,-3.425849671674255185e-03
4.899999999999999911e-01,3.314578010486696896e-03,5.713149628298738389e-03,1.006919066422908883e-02,6.456934964198831998e-03,6.582743448005976342e-03,6.283398186488865951e-03,-8.025733457543997654e-03,-6.117455948641901953e-03,-4.468760096144053229e-04,-1.068420878259083995e-03,-8.311311794352176097e-03,-5.234224379180009434e-03
5.000000000000000000e-01,3.246359600588228332e-03,5.644841131172700574e-03,1.005846980164261557e-02,6.456548406858098749e-03,6.494504088772980188e-03,6.224597729250583647e-03,-5.488388532423123245e-03,-7.493167185271229144e-03,-1.598663305991520917e-03,1.005034526767731133e-03,-9.177729330359332693e-03,-6.418012048676642427e-03
5.100000000000000089e-01,3.207290877342624125e-03,5.564394029982141186e-03,1.003933283269503075e-02,6.477007891136503902e-03,6.402583749734801905e-03,6.157397817013681753e-03,-2.225113771506284990e-03,-8.533881924417374351e-03,-2.116928485473086770e-03,3.058983420916720243e-03,-9.030433278487551632e-03,-6.894777044592638113e-03
5.200000000000000178e-01,3.203660034556924264e-03,5.474966577027248413e-03,1.001743935243812854e-02,6.516607539523307756e-03,6.316773861547524647e-03,6.088852387848149063e-03,1.580910527503854007e-03,-9.334756860249416449e-03,-2.232211337844729193e-03,4.756560821109694949e-03,-8.002847505122119912e-03,-6.711730672858687990e-03
5.300000000000000266e-01,3.239319403461073631e-03,5.378465641277931607e-03,9.995380455789470292e-03,6.569972769982980465e-03,6.244695239711450102e-03,6.025003207686121035e-03,5.530160436963745679e-03,-9.927635417490154185e-03,-2.157280217189521277e-03,5.792906407140954207e-03,-6.329409376710220560e-03,-5.980278695085629141e-03
5.400000000000000355e-01,3.313062495512030577e-03,5.277139643653546396e-03,9.974417171159797452e-03,6.629597212951423950e-03,6.191370188126618310e-03,5.970540556582642697e-03,9.081555471054499062e-03,-1.026580836567114047e-02,-2.005681329043035050e-03,6.001877531264008560e-03,-4.295709411648533822e-03,-4.858725445219607211e-03
5.500000000000000444e-01,3.417967131733167831e-03,5.174224181625182613e-03,9.955494776498929888e-03,6.687324128245762667e-03,6.159057585944790851e-03,5.928529708941334547e-03,1.171945282320965495e-02,-1.025563932891338306e-02,-1.769616487602690760e-03,5.405275475625440258e-03,-2.167380290638739205e-03,-3.515034125377896647e-03
5.600000000000000533e-01,3.543486294410827086e-03,5.073592021970559085e-03,9.939800915656372277e-03,6.735812265008987720e-03,6.147897248906427844e-03,5.900624489510371620e-03,1.318099872281015134e-02,-9.788504743179859621e-03,-1.318363739782860318e-03,4.226398470138179389e-03,-7.905828368776762760e-05,-2.055851970503221656e-03
5.700000000000000622e-01,3.677439802745743370e-03,4.979996244107880166e-03,9.930011469915039912e-03,6.770681222915927652e-03,6.156918174209998797e-03,5.887424462693800417e-03,1.339556238126021412e-02,-8.842600830549593449e-03,-5.702227929204186719e-04,2.732390866183299471e-03,1.850756542392081394e-03,-5.924685905488173872e-04
5.799999999999999600e-01,3.807715553760466012e-03,4.898091093162935082e-03,9.929386095984650898e-03,6.790293859145834533e-03,6.184076808431806030e-03,5.888450628455447339e-03,1.247179835950628507e-02,-7.472484919612746787e-03,4.933330808002665303e-04,1.193946722518761817e-03,3.528931820679739786e-03,7.730093100148304960e-04
5.899999999999999689e-01,3.923770056459271321e-03,4.831585670040459968e-03,9.940759739751055951e-03,6.795169963372958873e-03,6.226371752743486976e-03,5.902234692478506087e-03,1.062320926089108976e-02,-5.794680098861783313e-03,1.817464856479556086e-03,-1.631488496333919659e-04,4.869961584433194456e-03,1.943611286295394980e-03
5.999999999999999778e-01,4.018148548568936836e-03,4.782559555486093350e-03,9.966040662093460581e-03,6.788040843263325012e-03,6.280063841182445539e-03,5.926376286234272088e-03,8.167396133077349865e-03,-4.007311148377259644e-03,3.242074071938841773e-03,-1.199962993123569006e-03,5.786189980476417680e-03,2.826472830429015929e-03
6.099999999999999867e-01,4.086428476959642377e-03,4.751062312629343760e-03,1.000529650187017769e-02,6.772538830028953377e-03,6.340528037483216840e-03,5.957604456591615236e-03,5.466527442837598727e-03,-2.323995165070106596e-03,4.578712022257421140e-03,-1.836187364357068147e-03,6.221615044300896069e-03,3.355999874247837453e-03
6.199999999999999956e-01,4.127795109821376027e-03,4.735062914680434644e-03,1.005667405157698209e-02,6.752683483122326642e-03,6.402796935447901093e-03,5.992192247925156451e-03,2.887670683529723441e-03,-9.502496677837269853e-04,5.632713422873159362e-03,-2.058619453019235653e-03,6.158823577454444406e-03,3.501281795988816711e-03
6.300000000000000044e-01,4.145525827316016640e-03,4.730505971063525897e-03,1.011644144227363297e-02,6.732459154747976252e-03,6.462127820572308688e-03,6.026392311223454333e-03,7.522866078421635520e-04,-5.914999378871623522e-05,6.222875900418024103e-03,-1.931809784316710797e-03,5.619810300121447916e-03,3.269227240015583347e-03
6.400000000000000133e-01,4.145126773964499974e-03,4.732027598066065183e-03,1.017935798654785555e-02,6.714963875587171352e-03,6.513954421684428446e-03,6.056549076167826000e-03,-7.208725971298238916e-04,2.688485962806621329e-04,6.266668798463383497e-03,-1.529590867242221121e-03,4.682087686301326240e-03,2.710013817828965839e-03
6.500000000000000222e-01,4.133655475796325918e-03,4.733944887420522829e-03,1.023986439127222772e-02,6.702466431656670283e-03,6.554733117032065549e-03,6.079711861584637632e-03,-1.424220952017522020e-03,2.929273645338741246e-05,5.757248974693603139e-03,-9.472909440380232558e-04,3.456477567679570352e-03,1.902931574388769904e-03
6.600000000000000311e-01,4.118990992703596733e-03,4.730971529219976483e-03,1.029287636315138685e-02,6.696222446392304135e-03,6.582484975140974470e-03,6.094062875018038845e-03,-1.379904386244648617e-03,-7.013682659463829280e-04,4.769608765835173757e-03,-2.944974056796196269e-04,2.078796602775948889e-03,9.502152956090198152e-04
6.700000000000000400e-01,4.108224990808896464e-03,4.718774638645115323e-03,1.033422824330362290e-02,6.696568402250674575e-03,6.596365696806128290e-03,6.098649210711961158e-03,-6.712468390596129306e-04,-1.788180393599234043e-03,3.455644814663867085e-03,3.596052322602874291e-04,7.062141580035583011e-04,-3.169454741963249021e-05
6.800000000000000488e-01,4.107367228617020936e-03,4.694489624235805882e-03,1.036141263859509561e-02,6.703214256375735619e-03,6.597067178415826245e-03,6.093666019093686888e-03,5.693453874207978806e-04,-3.080691955377516233e-03,1.982858054842266248e-03,9.514463293438038538e-04,-5.188209883242008227e-04,-9.347405542891519970e-04
6.900000000000000577e-01,4.120783659641335736e-03,4.656950918241942530e-03,1.037384293305627925e-02,6.715213453033028884e-03,6.586780120737292972e-03,6.080460278078745132e-03,2.170018319394393866e-03,-4.431287086961497798e-03,5.082482272272313781e-04,1.423911508793007869e-03,-1.489550071790600666e-03,-1.674322536215245173e-03
7.000000000000000666e-01,4.151345373930210442e-03,4.606130859069683392e-03,1.037205261465206328e-02,6.731121428920590517e-03,6.568394225549086321e-03,6.060951953902717418e-03,3.961120172800016749e-03,-5.715828060990704729e-03,-8.413001614350035066e-04,1.726255181062095112e-03,-2.133395882962375693e-03,-2.189452515271902988e-03
7.099999999999999645e-01,4.200083724005101819e-03,4.543155077178568334e-03,1.035768914754095667e-02,6.749032212692011000e-03,6.545266981586864846e-03,6.037495168551398894e-03,5.758012833626679691e-03,-6.833090848344571672e-03,-1.976177224295191329e-03,1.816750239237618436e-03,-2.427600257174564440e-03,-2.453941028125935023e-03
7.199999999999999734e-01,4.265945746469795852e-03,4.470231143409602627e-03,1.033335150811967758e-02,6.766720255636792490e-03,6.520854978784676979e-03,6.012625077207945506e-03,7.374400968167741863e-03,-7.708918279177140107e-03,-2.847220935247552279e-03,1.672717575045211966e-03,-2.400659816168332437e-03,-2.478949852917706337e-03
7.299999999999999822e-01,4.346363899999453224e-03,4.390027907809384428e-03,1.030180119843594581e-02,6.781781179958802815e-03,6.498161656202127053e-03,5.988621070872598984e-03,8.648606963415426951e-03,-8.282691087073981717e-03,-3.415254017975309121e-03,1.301436260658110546e-03,-2.096274668783693323e-03,-2.289231262055651129e-03
7.399999999999999911e-01,4.437392191262035795e-03,4.305686615679548551e-03,1.026609298215366319e-02,6.792071983965442331e-03,6.479658334918172308e-03,5.967426926438515813e-03,9.459608796859860641e-03,-8.519017448387844471e-03,-3.663159938773077971e-03,7.399107620033699984e-04,-1.577441650568029308e-03,-1.926785247599728350e-03
7.500000000000000000e-01,4.533935818830072545e-03,4.220683954948926606e-03,1.022947381318697370e-02,6.796122828434932560e-03,6.467056695521631281e-03,5.950458528326415218e-03,9.749151587069557201e-03,-8.419574912085786220e-03,-3.605511412287186208e-03,5.245268486891166903e-05,-9.241700893033453004e-04,-1.450167499647247874e-03
7.600000000000000089e-01,4.630751573460856717e-03,4.138306075513649603e-03,1.019491659292219923e-02,6.793070775057467869e-03,6.461378209424253373e-03,5.938602645061934714e-03,9.524329794026519663e-03,-8.002452607046215555e-03,-3.259619875907335870e-03,-6.728700157153815788e-04,-2.009348075762799890e-04,-9.109953775345506610e-04
7.700000000000000178e-01,4.722871015212127578e-03,4.061561049004500969e-03,1.016512399720446470e-02,6.782843448842632537e-03,6.463056381563738947e-03,5.932270031865324519e-03,8.840890150065399897e-03,-7.311908810618924191e-03,-2.665227569952655431e-03,-1.346412668779827914e-03,5.275900339047072569e-04,-3.625047717132660278e-04
7.800000000000000266e-01,4.806355612971133055e-03,3.992739672261045800e-03,1.014219085915195849e-02,6.766454634538182286e-03,6.471771900990025070e-03,5.931242799009018435e-03,7.809144250986125614e-03,-6.427484646592878000e-03,-1.897820026405257253e-03,-1.895547398051350158e-03,1.196701498574155803e-03,1.421221726315887173e-04
7.900000000000000355e-01,4.878499401200763266e-03,3.933276878232421989e-03,1.012738695311845780e-02,6.745506687715338741e-03,6.486632463456735651e-03,5.934832352270869721e-03,6.568593207051731837e-03,-5.442789138782501077e-03,-1.046422244015785203e-03,-2.266051587157321724e-03,1.752731506201536411e-03,5.585038309867720310e-04
8.000000000000000444e-01,4.937664836232525528e-03,3.883833370889710167e-03,1.012119392537133220e-02,6.721896365652132478e-03,6.506304119614938694e-03,5.941995194547652556e-03,5.273618221679765572e-03,-4.456564885167517073e-03,-2.037950108248092525e-04,-2.420634296072780942e-03,2.154556118001686726e-03,8.527103766248262827e-04
8.100000000000000533e-01,4.984094486735143187e-03,3.843918174002941383e-03,1.012303123710936101e-02,6.697775049063083019e-03,6.529126048463235708e-03,5.951419219484934027e-03,4.073519609634920075e-03,-3.566169235382572484e-03,5.347962508751185652e-04,-2.357598654061311434e-03,2.376198019405704846e-03,1.004789705993912926e-03
8.200000000000000622e-01,5.019734592665294100e-03,3.811988397873163764e-03,1.013131907376561489e-02,6.675296705365821141e-03,6.553235819574605367e-03,5.961635198607533916e-03,3.099494561634113295e-03,-2.856415390238353520e-03,1.084265630059586157e-03,-2.105865145812775216e-03,2.410599837017143778e-03,1.011031449688898007e-03
8.300000000000000711e-01,5.047203590361584377e-03,3.785998525120855274e-03,1.014391523075814858e-02,6.656155007509560219e-03,6.576788168011044391e-03,5.971214773812604133e-03,2.449936566581519329e-03,-2.381870745163275176e-03,1.393734255470144377e-03,-1.700896935244393133e-03,2.272859391877734159e-03,8.841464849155686789e-04
8.399999999999999689e-01,5.069971593852262877e-03,3.763477060305921162e-03,1.015830481782098102e-02,6.641629197584087568e-03,6.598192808212564701e-03,5.978937050084708223e-03,2.178095946091382004e-03,-2.168501999518665513e-03,1.439429111776306409e-03,-1.194845967647839612e-03,1.993068843931161249e-03,6.491698487981558980e-04
8.499999999999999778e-01,5.091940204429282191e-03,3.741820941871244928e-03,1.017188580501239038e-02,6.632388786479595337e-03,6.616310194429856142e-03,5.983948890153595150e-03,2.282331913912450348e-03,-2.207129648568457569e-03,1.232007690838372860e-03,-6.491421319542618751e-04,1.614931457175774240e-03,3.417061150213425999e-04
8.599999999999999867e-01,5.116738265002561577e-03,3.718635790316811209e-03,1.018226207713342386e-02,6.628579606625595137e-03,6.630369222001551363e-03,5.985691950811486417e-03,2.729733594279194243e-03,-2.463050315011060254e-03,8.105121877975089836e-04,-1.180391825482708917e-04,1.191713939835079830e-03,3.636944864649741156e-06
8.699999999999999956e-01,5.147477163269784974e-03,3.691990046774481886e-03,1.018754264056760499e-02,6.629823710366254501e-03,6.640144939834823415e-03,5.984038038345271954e-03,3.452223377763576420e-03,-2.882854657768487046e-03,2.312450520189108117e-04,3.481166741561225134e-04,7.749210980926640128e-04,-3.243092249687868191e-04
8.800000000000000044e-01,5.186350942904151620e-03,3.660653131892378353e-03,1.018657671460866491e-02,6.635209501780805694e-03,6.646002208730233431e-03,5.979330959725959009e-03,4.351103290322805989e-03,-3.399746030892093502e-03,-4.385569386828558304e-04,7.081752474946230100e-04,4.073444195379078000e-04,-6.080514839477032781e-04
8.900000000000000133e-01,5.234671371423227013e-03,3.623948893840483500e-03,1.017875117423021683e-02,6.643528529021057970e-03,6.648593088410859747e-03,5.972137479106632597e-03,5.324399412472857578e-03,-3.946352654213248871e-03,-1.131184092541957526e-03,9.329743947743285044e-04,1.238926356466932797e-04,-8.196623990602207137e-04
9.000000000000000222e-01,5.292762306418272167e-03,3.581825632429100695e-03,1.016407002380568386e-02,6.653358080895673682e-03,6.648831829934196899e-03,5.963235579298432898e-03,6.268316067314133773e-03,-4.459381823480938062e-03,-1.784971380326739500e-03,1.005652700119947802e-03,-5.432562471979871140e-05,-9.416885952282632579e-04
9.100000000000000311e-01,5.359706927880786634e-03,3.534981994937596260e-03,1.014327059123088827e-02,6.663159016829951591e-03,6.647825611941830977e-03,5.953575770496198107e-03,7.086369336719317708e-03,-4.886873965235081010e-03,-2.352342714109675794e-03,9.264864901959395235e-04,-1.259689834916916345e-04,-9.722871405334096266e-04
9.200000000000000400e-01,5.433824629357921973e-03,3.484498871071174328e-03,1.011742502411343454e-02,6.671478595308110750e-03,6.646609292620840256e-03,5.944051035972515440e-03,7.704268739198811763e-03,-5.190200727171304790e-03,-2.798089246377860086e-03,7.096966973557060614e-04,-9.909665806942398708e-05,-9.177137047388780541e-04
9.300000000000000488e-01,5.512909649776783459e-03,3.431710814261133488e-03,1.008782749440727440e-02,6.676998392607372788e-03,6.646123285259359845e-03,5.935467789867141138e-03,8.069275994933183468e-03,-5.341589253569661681e-03,-3.096298652483075748e-03,3.815051114346649629e-04,1.258142240624086537e-05,-7.892700707751821665e-04
9.400000000000000577e-01,5.594349374479004426e-03,3.378162290672493545e-03,1.005597221725418842e-02,6.678813051007316884e-03,6.647080336677961207e-03,5.928451982573589712e-03,8.162201417328920558e-03,-5.334696220795456453e-03,-3.242130010168013318e-03,-2.141868309959397022e-05,1.849388480366738127e-04,-6.074115217562243551e-04
9.500000000000000666e-01,5.675393734704378863e-03,3.325440167176544129e-03,1.002338906708953592e-02,6.676460454449066433e-03,6.649918758157476358e-03,5.923402275875946574e-03,7.997510370369567689e-03,-5.181887502666008248e-03,-3.248055933656010270e-03,-4.549861068318704956e-04,3.889491467516505781e-04,-3.976004073042595623e-04
9.599999999999999645e-01,5.753619978322070672e-03,3.274917587642944741e-03,9.991399309125353553e-03,6.669807223997819244e-03,6.654864832429629486e-03,5.920504779341479416e-03,7.611564982301416774e-03,-4.902088605045289670e-03,-3.130163283345720193e-03,-8.739265147537221990e-04,6.018638330315613820e-04,-1.810304060164617096e-04
9.699999999999999734e-01,5.827041780506006866e-03,3.227734877333921990e-03,9.961117685093428403e-03,6.659153170073360030e-03,6.661915770854497446e-03,5.919737898053621487e-03,7.059954177101667762e-03,-4.526508283596812100e-03,-2.917238406206432155e-03,-1.237591190854968239e-03,8.001030866444569425e-04,2.071471497203320258e-05
9.799999999999999822e-01,5.894466849204007576e-03,3.184589557053693360e-03,9.933253876568041638e-03,6.645283703443473702e-03,6.670779332022994980e-03,5.920828928625636832e-03,6.415294223250266568e-03,-4.096824259415578207e-03,-2.649173271852976221e-03,-1.515954122263755673e-03,9.633288692462732171e-04,1.888072114216364473e-04
9.899999999999999911e-01,5.955401905485314257e-03,3.145780615311412429e-03,9.908129245501195656e-03,6.629174916577135201e-03,6.681021321771258605e-03,5.923366726310341085e-03,5.751239639031149181e-03,-3.654412081993321532e-03,-2.365734455098805408e-03,-1.689626471999010034e-03,1.077629901904820012e-03,3.101322298535111343e-04
1.000000000000000000e+00,6.009811746775016277e-03,3.111337834123402337e-03,9.885797998896446448e-03,6.611912173358574195e-03,6.692120001499744092e-03,5.926838617279698955e-03,5.141211711871873646e-03,-3.239949834387665512e-03,-2.105883523601319220e-03,-1.746432218790940679e-03,1.133266958110575214e-03,3.759194600887690615e-04
1.010000000000000009e+00,6.058482481770546650e-03,3.080837677735681710e-03,9.865876489212823883e-03,6.594611303640409913e-03,6.703491629748334867e-03,5.930692505799586671e-03,4.644560964938348677e-03,-2.887310484573113976e-03,-1.903398104162277700e-03,-1.690252373439726351e-03,1.127701206528813633e-03,3.841572638598687839e-04
1.020000000000000018e+00,6.103016468664279430e-03,3.053406901683942617e-03,9.847543354750720387e-03,6.578361905908569965e-03,6.714518230392233986e-03,5.934364464508895889e-03,4.302986398933681192e-03,-2.621374075501253786e-03,-1.784687160791074761e-03,-1.541367203483222977e-03,1.066269925272017322e-03,3.400625897409228419e-04
1.030000000000000027e+00,6.145079943773452957e-03,3.028119255540407968e-03,9.829898720467161732e-03,6.563968121129873379e-03,6.724702706772884078e-03,5.937386446884121080e-03,4.140003134481032819e-03,-2.454176907187353204e-03,-1.761975372518350194e-03,-1.322223343876152571e-03,9.604160382502087336e-04,2.538648385770137308e-04
1.040000000000000036e+00,6.186463101415825942e-03,3.003980650950762755e-03,9.811972183379790921e-03,6.552046667991690346e-03,6.733645635622695878e-03,5.939365455859062573e-03,4.164777507793596817e-03,-2.388342668445699295e-03,-1.837733820899508990e-03,-1.058609631784514313e-03,8.258061062412763026e-04,1.397869060649603167e-04
1.050000000000000044e+00,6.228940019807824302e-03,2.980042200445381234e-03,9.792838479588511155e-03,6.542881668505146596e-03,6.741153173741291915e-03,5.940110419184910923e-03,4.361833384217769435e-03,-2.414037819352263942e-03,-2.003068503875752530e-03,-7.803547762195819134e-04,6.796950886257519366e-04,1.368069250962626734e-05
1.060000000000000053e+00,6.274089327959365449e-03,2.955489652535402828e-03,9.771698790585835181e-03,6.536408968779312476e-03,6.747241988501532541e-03,5.939634217236140594e-03,4.694166185034995623e-03,-2.510182736520582929e-03,-2.238371768108010640e-03,-5.177045942818074824e-04,5.398019728541851407e-04,-1.082048353495903317e-04
1.070000000000000062e+00,6.323073124055457114e-03,2.929724751839220959e-03,9.747955739958626478e-03,6.532374128419063224e-03,6.752038797876541015e-03,5.938031154400683943e-03,5.121336074890719264e-03,-2.652794641367771811e-03,-2.520249776969531261e-03,-2.944490876050555469e-04,4.221199265152755136e-04,-2.110371642660539577e-04
1.080000000000000071e+00,6.376672683157201711e-03,2.902369137005200717e-03,9.721225191380645711e-03,6.530316442717403087e-03,6.755804218414429574e-03,5.935521146646760733e-03,5.594788197401703335e-03,-2.814846392286444836e-03,-2.822830537572044302e-03,-1.305182793040073714e-04,3.389144701492255419e-04,-2.827320743884122081e-04
1.090000000000000080e+00,6.435020973996299042e-03,2.873406574928885539e-03,9.691468855290241366e-03,6.529560518116392896e-03,6.758927613273594745e-03,5.932470260789591762e-03,6.061873936715463616e-03,-2.969115205020913043e-03,-3.120584004571831660e-03,-3.732528918733468194e-05,2.956527444169170329e-04,-3.172275062575218561e-04
1.100000000000000089e+00,6.497725277827717631e-03,2.843089514253132298e-03,9.658900468923724281e-03,6.529363618712043238e-03,6.761821533272715373e-03,5.929283509365982155e-03,6.475525584360373663e-03,-3.092511405937851954e-03,-3.391858575990476000e-03,-1.794383991569368790e-05,2.922006274173665971e-04,-3.136504098414432881e-04
1.110000000000000098e+00,6.564130671132584020e-03,2.811778549923868616e-03,9.623835051196891199e-03,6.528981568986453113e-03,6.764885112836365247e-03,5.926328564952000784e-03,6.795886714474307956e-03,-3.164942610352157720e-03,-3.617148330572899501e-03,-7.004299914760387736e-05,3.264646354476359136e-04,-2.725204214569333715e-04
1.120000000000000107e+00,6.633239856840798809e-03,2.780003724474979648e-03,9.586752773513408307e-03,6.527742254911793503e-03,6.768463791737090555e-03,5.923946198477729290e-03,6.994756066014532793e-03,-3.173326783416461662e-03,-3.783735934836840627e-03,-1.844385577496373131e-04,3.917103634864137402e-04,-1.987638316370995658e-04
1.130000000000000115e+00,6.703703185169327880e-03,2.748465079664812790e-03,9.548298109351956511e-03,6.525124413808391401e-03,6.772793994830631110e-03,5.922415630219645018e-03,7.061114109508612527e-03,-3.114984293490381199e-03,-3.888990268306871233e-03,-3.442948905906825069e-04,4.757373067020397440e-04,-1.028377071102264833e-04
1.140000000000000124e+00,6.774134142289878029e-03,2.717854759970825002e-03,9.509111663169787093e-03,6.520789245700838940e-03,6.777988378993800300e-03,5.921907805196838584e-03,6.999238831080928543e-03,-2.994454132339617256e-03,-3.936501644700692373e-03,-5.292913481255434593e-04,5.659350392938971783e-04,3.592694373522997264e-06
1.150000000000000133e+00,6.843336322264613643e-03,2.688743899593007674e-03,9.469729781668151727e-03,6.514553095574733207e-03,6.784081201324039870e-03,5.922481536432983376e-03,6.823204828478341734e-03,-2.819220519171264892e-03,-3.931756117213329980e-03,-7.192505572053687051e-04,6.524548130986880003e-04,1.112276822632789512e-04
1.159999999999999920e+00,6.910278564890411958e-03,2.661618749567667194e-03,9.430621590141208613e-03,6.506439285867461793e-03,6.791000069886058907e-03,5.924107531984244487e-03,6.557607985180149285e-03,-2.602686842187496713e-03,-3.886397756226282751e-03,-8.947958492050489326e-04,7.252027021463703293e-04,2.102712707164560812e-04
1.169999999999999929e+00,6.974284621635663817e-03,2.636777009421762720e-03,9.392089392850057339e-03,6.496721088548676644e-03,6.798535834467441842e-03,5.926642153399800002e-03,6.237253286928333418e-03,-2.363400204649770096e-03,-3.817326097626895509e-03,-1.040085532236221513e-03,7.762478369725668657e-04,2.921528658469092570e-04
1.179999999999999938e+00,7.035031662789651904e-03,2.614332524679380699e-03,9.354265536802481434e-03,6.485774650774993495e-03,6.806435967243102021e-03,5.929882152219793229e-03,5.897313814522097720e-03,-2.119309629908777692e-03,-3.740959729240440901e-03,-1.144192039621385205e-03,8.011150508241994799e-04,3.512542655406847725e-04
1.189999999999999947e+00,7.092385634162914551e-03,2.594299348444119475e-03,9.317194711358806058e-03,6.474030415390595594e-03,6.814442508906713193e-03,5.933576861281474393e-03,5.573211542752337655e-03,-1.888011180908247787e-03,-3.673421167265026547e-03,-1.198625366442891693e-03,7.967161450492073931e-04,3.839300221227349508e-04
1.199999999999999956e+00,7.146603506796966009e-03,2.576502192602416700e-03,9.280741981677078506e-03,6.461968849994956590e-03,6.822279431639838125e-03,5.937466642586440406e-03,5.294949737424510527e-03,-1.684101608648915036e-03,-3.628629814547371796e-03,-1.201753069384184662e-03,7.635125175061056131e-04,3.896564476797608270e-04
1.209999999999999964e+00,7.198373788543938577e-03,2.560558289780240273e-03,9.244573326923260018e-03,6.450104642665440736e-03,6.829659733570662625e-03,5.941294759366386354e-03,5.085057491212093168e-03,-1.518053817206631469e-03,-3.617285595191693272e-03,-1.159787661581005921e-03,7.061455260001834417e-04,3.714769206533127333e-04
1.219999999999999973e+00,7.248505916635218822e-03,2.546037072278376986e-03,9.208300684600739805e-03,6.438848527008753965e-03,6.836368483747874876e-03,5.944856615258225542e-03,4.955942801758110063e-03,-1.394765120116584715e-03,-3.644599105112999136e-03,-1.082305374848987990e-03,6.314950366645037194e-04,3.345109507340239454e-04
1.229999999999999982e+00,7.297797194129975080e-03,2.532518470333800648e-03,9.171547033440074007e-03,6.428515787545938283e-03,6.842271224228636990e-03,5.947972873091979945e-03,4.914241118141393985e-03,-1.315466429045647262e-03,-3.711870324661364125e-03,-9.792106496014823039e-04,5.470942607671105181e-04,2.853642772593841534e-04
1.239999999999999991e+00,7.347084959501204438e-03,2.519584890892618417e-03,9.133932702446570517e-03,6.419316595398136607e-03,6.847302614836518059e-03,5.950541235635753261e-03,4.957168881781318613e-03,-1.276823818229389906e-03,-3.816500258348447250e-03,-8.628148952971980822e-04,4.610831223290515007e-04,2.314638109718138213e-04
1.250000000000000000e+00,7.397147670341518155e-03,2.506878735587435292e-03,9.095123619489713096e-03,6.411290401865531348e-03,6.851498924790089262e-03,5.952576540885767820e-03,5.069577112210096707e-03,-1.269690000356903927e-03,-3.950669310243523115e-03,-7.469597327654258672e-04,3.816474484820111721e-04,1.803463370474721642e-04
1.260000000000000009e+00,7.448580417952293219e-03,2.494150446147101133e-03,9.054879641629796222e-03,6.404343024131301833e-03,6.854972299733946839e-03,5.954170369592761726e-03,5.230179095251532087e-03,-1.282196332269190230e-03,-4.103742431431314786e-03,-6.439511288274368112e-04,3.158350123105248199e-04,1.385183166152321511e-04
1.270000000000000018e+00,7.501784341692944828e-03,2.481242504343271829e-03,9.013051490466609389e-03,6.398319768027344381e-03,6.857881632590613272e-03,5.955417218083096029e-03,5.418452021539854786e-03,-1.302933680499930103e-03,-4.265078783068591145e-03,-5.629384388413664810e-04,2.687709734918329791e-04,1.115486511348840989e-04
1.280000000000000027e+00,7.556966992203481732e-03,2.468104061769672754e-03,8.969586845006621845e-03,6.392983102565766296e-03,6.860424241361555257e-03,5.956466013081008169e-03,5.611123046791355491e-03,-1.319861079302230879e-03,-4.423648702796541959e-03,-5.109751233925446555e-04,2.434137711225005927e-04,1.032966544590907570e-04
1.290000000000000036e+00,7.614014686409176572e-03,2.454852156403988274e-03,8.924584493481017497e-03,6.388018991598744603e-03,6.862815923820174413e-03,5.957520455714884235e-03,5.785167970233698852e-03,-1.322101455215337002e-03,-4.569473189134808620e-03,-4.907019808192161726e-04,2.394929169500136163e-04,1.144138532552574280e-04
1.300000000000000044e+00,7.672575723485374095e-03,2.441717323008939840e-03,8.878247133416512782e-03,6.383096167315261034e-03,6.865260061585590559e-03,5.958792124864957865e-03,5.921080291146880482e-03,-1.301276093403330508e-03,-4.694685065610978980e-03,-5.009455799659795743e-04,2.543196957597626583e-04,1.430376726895990849e-04
1.310000000000000053e+00,7.732238550776085115e-03,2.428935189268369762e-03,8.830789751719277450e-03,6.377927249647193791e-03,6.867934470744493751e-03,5.960431394165601610e-03,6.005365124488131097e-03,-1.251801189674195489e-03,-4.793627523245403560e-03,-5.384389289072671024e-04,2.843954647034262423e-04,1.870302207305080664e-04
1.320000000000000062e+00,7.792470288930085712e-03,2.416792829098928039e-03,8.782478192221615174e-03,6.372253624283935776e-03,6.870983015324435943e-03,5.962573638253954554e-03,6.029111258997554498e-03,-1.170670600050213251e-03,-4.863112485629609606e-03,-5.974049804206071684e-04,3.246880610469195325e-04,2.427955886948810057e-04
1.330000000000000071e+00,7.852653979447895422e-03,2.405603088780284855e-03,8.733605013283214993e-03,6.365915384994990517e-03,6.874463466650987745e-03,5.965307937512897597e-03,5.992025955961127748e-03,-1.059600132193462291e-03,-4.904368970930157549e-03,-6.696238334215106735e-04,3.690046859402837192e-04,3.049524427524410910e-04
1.340000000000000080e+00,7.912178374485752050e-03,2.395658523092875167e-03,8.684447097053023257e-03,6.358848690764737355e-03,6.878359480891460022e-03,5.968669814030600970e-03,5.900941476426306218e-03,-9.238573891796242245e-04,-4.921840876678330000e-03,-7.458502177422438820e-04,4.111527441965581882e-04,3.674817471694025346e-04
1.350000000000000089e+00,7.970556639644389707e-03,2.387172436974942680e-03,8.635215833353155485e-03,6.351037461140560982e-03,6.882642827945478249e-03,5.972638897860793258e-03,5.765313477742814267e-03,-7.692678075744258624e-04,-4.920257616380259262e-03,-8.178156052965467743e-04,4.461811238312805459e-04,4.259047240691423786e-04
1.360000000000000098e+00,8.027379679187070585e-03,2.380310568158391926e-03,8.586083362778234099e-03,6.342537887068618735e-03,6.887240032296596155e-03,5.977158055120939707e-03,5.598206411264163018e-03,-6.033330975054999358e-04,-4.906162665921805048e-03,-8.777388896591684694e-04,4.694991157319994626e-04,4.760151432517862897e-04
1.370000000000000107e+00,8.082434995619201118e-03,2.375132654663265723e-03,8.537124946361569072e-03,6.333509817824706581e-03,6.892010373081907879e-03,5.982127128672490475e-03,5.415774056336423309e-03,-4.346955691052029839e-04,-4.887456104903915508e-03,-9.202514955618188710e-04,4.784569564008054905e-04,5.147288364500296779e-04
1.380000000000000115e+00,8.135706180930107195e-03,2.371598050924743090e-03,8.488321316495356025e-03,6.324179621985098060e-03,6.896772916552559342e-03,5.987421093203321512e-03,5.234611378338493472e-03,-2.717845305543670534e-04,-4.872034155491140710e-03,-9.428332027552724414e-04,4.725600637376322125e-04,5.403617327586748625e-04
1.390000000000000124e+00,8.187256220644869090e-03,2.369623932362309275e-03,8.439618273187130329e-03,6.314737286469746316e-03,6.901395657060446255e-03,5.992905808620302421e-03,5.068374639020226981e-03,-1.211919514813796189e-04,-4.865848511453398605e-03,-9.443087205136892247e-04,4.520963283836745578e-04,5.526396939639914747e-04
1.400000000000000133e+00,8.237228815125296338e-03,2.369085845353412646e-03,8.390927155668729057e-03,6.305381113333268644e-03,6.905753759326370596e-03,5.998436711926268157e-03,4.929991871237446657e-03,1.116890462841458893e-05,-4.874403029033112095e-03,-9.245792120156249173e-04,4.179033342119565717e-04,5.522245465266726900e-04
1.409999999999999920e+00,8.285920395451187859e-03,2.369798468397158082e-03,8.342094753473132396e-03,6.296296534170873170e-03,6.909730666086997403e-03,6.003902380501740556e-03,4.827124795103318600e-03,1.224206501458795530e-04,-4.900753643809932329e-03,-8.867190209453667572e-04,3.727443881169624994e-04,5.412575444165474998e-04
1.419999999999999929e+00,8.333780465501141807e-03,2.371515720920687551e-03,8.292903215849738163e-03,6.287655060049126762e-03,6.913218697899245826e-03,6.009225361133371454e-03,4.762071780029997724e-03,2.127703118957551378e-04,-4.945461155918397071e-03,-8.370004262792570806e-04,3.213243020009417801e-04,5.233668468324152159e-04
1.429999999999999938e+00,8.381209918915418292e-03,2.374028958975138697e-03,8.243163680845008376e-03,6.279550884936830474e-03,6.916166698112279423e-03,6.014367691237409823e-03,4.732619078541494897e-03,2.845189259846897393e-04,-5.006664270010258155e-03,-7.817998664748238707e-04,2.684437249601374312e-04,5.021694903957134130e-04
1.439999999999999947e+00,8.428517423316499863e-03,2.377173831860967049e-03,8.192737759326385039e-03,6.272005903303392790e-03,6.918595285703000794e-03,6.019295256341725651e-03,4.735121457896777908e-03,3.406062296988772399e-04,-5.081466878189747245e-03,-7.260255970190445957e-04,2.177291533559140156e-04,4.812027908724998324e-04
1.449999999999999956e+00,8.476000770757368546e-03,2.380803644219044342e-03,8.141501248776918109e-03,6.265010854128981628e-03,6.920542371509136835e-03,6.024009232525624064e-03,4.762953205877602618e-03,3.854634697750006439e-04,-5.165961593099867993e-03,-6.749035214147754234e-04,1.726175158293841074e-04,4.640110696455397826e-04
1.459999999999999964e+00,8.523846999675914818e-03,2.384845420292185623e-03,8.089390607877184475e-03,6.258493580723643174e-03,6.922075332967013959e-03,6.028567996342154914e-03,4.805836642883234457e-03,4.249730772608789945e-04,-5.254927843756245810e-03,-6.328325361756709753e-04,1.357355798309663631e-04,4.531891328273228718e-04
1.469999999999999973e+00,8.572126625909094744e-03,2.389298921337509960e-03,8.036403468412858103e-03,6.252330392403468613e-03,6.923284457672953390e-03,6.033075837774615029e-03,4.851047887467461323e-03,4.658159525844828225e-04,-5.342339057248377682e-03,-6.031291581116153717e-04,1.088172798599569303e-04,4.502626965416627741e-04
1.479999999999999982e+00,8.620812015327551994e-03,2.394199584333584190e-03,7.982579070301528551e-03,6.246398149307576080e-03,6.924269557611635942e-03,6.037605528758084768e-03,4.889665843031110702e-03,5.124096026955880095e-04,-5.423758203051189455e-03,-5.870145774156858634e-04,9.232818052577599667e-05,4.558792115694820573e-04
1.489999999999999991e+00,8.669831166462985128e-03,2.399603235441501083e-03,7.927980810790992774e-03,6.240548239246995754e-03,6.925153072247611404e-03,6.042233155862240801e-03,4.912501456757818741e-03,5.693223767250007311e-04,-5.494739467178586835e-03,-5.848041423116437723e-04,8.583489560717643893e-05,4.705421762930850653e-04
1.500000000000000000e+00,8.719007809313892784e-03,2.405618108252570095e-03,7.872719025745985449e-03,6.234652184664815806e-03,6.926026871474321583e-03,6.047038918285217203e-03,4.912821824171971496e-03,6.394737276770822137e-04,-5.552417478566330257e-03,-5.951117426296209396e-04,8.780788690728346302e-05,4.933633275905736177e-04
1.510000000000000009e+00,8.768056368757617958e-03,2.412406332503697938e-03,7.816952407734618913e-03,6.228607291127124732e-03,6.926947627302635323e-03,6.052103818420862848e-03,4.886850226874761040e-03,7.238443799492635293e-04,-5.595738165914296465e-03,-6.147324051663896919e-04,9.558919331221785924e-05,5.219599586226847127e-04
1.520000000000000018e+00,8.816691669631636363e-03,2.420119253575808010e-03,7.760832111310706806e-03,6.222353106427537701e-03,6.927941533325029065e-03,6.057478422010290249e-03,4.834260508657923887e-03,8.216024037650484666e-04,-5.625117467350213007e-03,-6.400702865013525519e-04,1.066066748087449498e-04,5.536643213251797244e-04
1.530000000000000027e+00,8.864667194224760960e-03,2.428873870517972607e-03,7.704487880328310563e-03,6.215830399067594388e-03,6.929052721858666372e-03,6.063177498933978657e-03,4.756455845971103644e-03,9.313133342611705197e-04,-5.641371535029695086e-03,-6.673834558447137725e-04,1.182119125209086862e-04,5.864702216392324264e-04
1.540000000000000036e+00,8.911743795782495203e-03,2.438779341038246114e-03,7.648043702291017210e-03,6.209017091797730710e-03,6.930293821200357411e-03,6.069203162176824498e-03,4.656784233141592587e-03,1.050575002675730504e-03,-5.646463040980241772e-03,-6.927174607422756326e-04,1.276044474577300684e-04,6.181520538786946508e-04
1.550000000000000044e+00,8.957742194247530695e-03,2.449908579058744738e-03,7.591589559213550616e-03,6.201959527299944104e-03,6.931622695654016293e-03,6.075532569584794068e-03,4.541355402104730113e-03,1.175689246676227349e-03,-5.643763031294689488e-03,-7.127496865300883555e-04,1.326378985064002609e-04,6.465582091619338518e-04
1.560000000000000053e+00,9.002550798260991818e-03,2.462295355110543163e-03,7.535178020651765035e-03,6.194762335321623258e-03,6.932951514466155138e-03,6.082120801701757819e-03,4.418348261051210056e-03,1.302031643089150877e-03,-5.637640510123454081e-03,-7.250249201725114320e-04,1.319791955149415353e-04,6.697737692471864837e-04
1.570000000000000062e+00,9.046134681462906016e-03,2.475930289957099881e-03,7.478823840478840933e-03,6.187500946049875016e-03,6.934228823757986916e-03,6.088912773954601072e-03,4.294211440271525002e-03,1.426058716733093461e-03,-5.631179503242151121e-03,-7.283521816281896292e-04,1.251198918290550286e-04,6.869684194824302774e-04
1.580000000000000071e+00,9.088484936344592979e-03,2.490783962694760167e-03,7.422529587901235265e-03,6.180248372291969119e-03,6.935412384727929376e-03,6.095840580667278956e-03,4.175745055717718437e-03,1.544219776480984432e-03,-5.627629505123498896e-03,-7.214922047618950582e-04,1.113107959121159888e-04,6.976826465641591249e-04
1.590000000000000080e+00,9.129671792902019009e-03,2.506791728158871708e-03,7.366259795739999068e-03,6.173095601940470530e-03,6.936442428188402398e-03,6.102842084633312326e-03,4.068245638681364587e-03,1.653999160898004302e-03,-5.629527561870220111e-03,-7.047256491583076335e-04,9.088719206625799790e-05,7.021559866328474587e-04
1.600000000000000089e+00,9.169850460259755878e-03,2.523851733624063540e-03,7.309938213354785427e-03,6.166149508689565406e-03,6.937243106442659429e-03,6.109862773731991430e-03,3.975181308720642306e-03,1.754092149349979063e-03,-5.638514664233488377e-03,-6.800240972658645180e-04,6.540165618561913949e-05,7.014008125112403905e-04
1.610000000000000098e+00,9.209198027003958134e-03,2.541859236937811430e-03,7.253479155835571186e-03,6.159497986032893245e-03,6.937749154114962978e-03,6.116866679584221679e-03,3.897524158088593298e-03,1.844451600996276173e-03,-5.654941776020831062e-03,-6.503255284475413598e-04,3.709233582312636355e-05,6.967606230084124816e-04
1.620000000000000107e+00,9.247852736852194694e-03,2.560721607049256526e-03,7.196817835231202228e-03,6.153161391249660148e-03,6.937960767948250958e-03,6.123815072343807495e-03,3.835531577791341344e-03,1.925266609818884755e-03,-5.678517837285494523e-03,-6.177232388550169635e-04,7.403819481891209947e-06,6.896677660502565765e-04
1.630000000000000115e+00,9.285968556099170532e-03,2.580338437964762709e-03,7.139884331546672916e-03,6.147151192256154577e-03,6.937885696879852841e-03,6.130673690326091975e-03,3.788666519383093820e-03,1.997345664686373413e-03,-5.708619894123892827e-03,-5.843806777782598527e-04,-2.228582455807448265e-05,6.818420580173170740e-04
1.640000000000000124e+00,9.323670023954318611e-03,2.600637463162457867e-03,7.082626368307862359e-03,6.141462242504999898e-03,6.937532656875328163e-03,6.137440366727277968e-03,3.753844287852767334e-03,2.062762450039564745e-03,-5.743565325598333840e-03,-5.525939497795071985e-04,-5.053451807055065284e-05,6.748274345697534687e-04
1.650000000000000133e+00,9.361052106397262443e-03,2.621574649426793371e-03,7.025009385425091610e-03,6.136072718876696246e-03,6.936911363161846547e-03,6.144145080039326023e-03,3.725429282928795563e-03,2.124856751485574343e-03,-5.780610287214838112e-03,-5.247909190497065859e-04,-7.583671926987259522e-05,6.699907543851904655e-04
1.660000000000000142e+00,9.398155925807847103e-03,2.643140076020870574e-03,6.967026130246858732e-03,6.130945977770972319e-03,6.936036885293329554e-03,6.150834650993025100e-03,3.697084630298174551e-03,2.187070643180116965e-03,-5.816689407660919665e-03,-5.030141460368427533e-04,-9.687630780120107048e-05,6.682124949936739302e-04
1.669999999999999929e+00,9.434955414752482436e-03,2.665340572466249301e-03,6.908699819525226243e-03,6.126010785584883912e-03,6.934967604094067518e-03,6.157527279064837523e-03,3.665806257737653454e-03,2.250753719756536358e-03,-5.849915696523250337e-03,-4.876566548623687534e-04,-1.133732120365757976e-04,6.698207261974040844e-04
1.679999999999999938e+00,9.471425131972839237e-03,2.688183858574987387e-03,6.850057469744261392e-03,6.121183111140531333e-03,6.933769922977951229e-03,6.164251550753362986e-03,3.627534353018649436e-03,2.318064304790336087e-03,-5.878073999377406503e-03,-4.787839768339835337e-04,-1.254539277677481314e-04,6.752817674862338689e-04
1.689999999999999947e+00,9.507487141938636421e-03,2.711708480805991982e-03,6.791152678921437251e-03,6.116402016547492493e-03,6.932486087295813663e-03,6.171041012089951809e-03,3.579178271472671733e-03,2.390493212286652711e-03,-5.899660413478570974e-03,-4.757317897934776503e-04,-1.336720155708828706e-04,6.843425885790602745e-04
1.699999999999999956e+00,9.543008955167202670e-03,2.735984634347951670e-03,6.732066474157214452e-03,6.111630316260947826e-03,6.931133848924014330e-03,6.177933419588708432e-03,3.518731893619009721e-03,2.468786763578786729e-03,-5.913931829427942002e-03,-4.770764192055783424e-04,-1.390191009867052907e-04,6.960017942651574620e-04
1.709999999999999964e+00,9.577845705185257172e-03,2.761087170299350319e-03,6.672884147712962108e-03,6.106854930557792382e-03,6.929713328363872223e-03,6.184955968380024399e-03,3.445852157387693706e-03,2.552705122057133229e-03,-5.920935437286185994e-03,-4.812325269139963247e-04,-1.424481702642190265e-04,7.089584578049144045e-04
1.719999999999999973e+00,9.611895000892203486e-03,2.787054678647022873e-03,6.613667638639505152e-03,6.102037663997012147e-03,6.928258245904349473e-03,6.192111125153893468e-03,3.361617412294087229e-03,2.641414112817794951e-03,-5.920990794843206985e-03,-4.866246495101489065e-04,-1.448964187324046154e-04,7.224732867322085665e-04
1.729999999999999982e+00,9.645045010370908653e-03,2.813930181127868857e-03,6.554485529377746152e-03,6.097146358650170662e-03,6.926796650892415308e-03,6.199402335904858306e-03,3.267368296261828099e-03,2.734026000215666104e-03,-5.914740287771361356e-03,-4.911733586725101170e-04,-1.477560439865883784e-04,7.356328726498530474e-04
1.739999999999999991e+00,9.677211842369885450e-03,2.841743599042372004e-03,6.495391818158589153e-03,6.092195728749317737e-03,6.925320778996292385e-03,6.206821517598246768e-03,3.165558890966018151e-03,2.829112429308442041e-03,-5.903512164640301041e-03,-4.932475908829532865e-04,-1.520555910596624565e-04,7.475181936313030160e-04
1.750000000000000000e+00,9.708340058732603181e-03,2.870511457670194781e-03,6.436425631765272867e-03,6.087247549436041426e-03,6.923786969641187138e-03,6.214348883152737320e-03,3.059764947181100019e-03,2.924700224903396817e-03,-5.889322077843304505e-03,-4.916745215064368801e-04,-1.584517290160552779e-04,7.572090824159195821e-04
1.760000000000000009e+00,9.738413861639493713e-03,2.900229510997693640e-03,6.377604478410862400e-03,6.082368057928323052e-03,6.922150699731140396e-03,6.221958627093905972e-03,2.953358339248770247e-03,3.018899524113192318e-03,-5.873950963425682292e-03,-4.861935735321917893e-04,-1.669489193161408059e-04,7.641785323961191754e-04
1.770000000000000018e+00,9.767435439826719842e-03,2.930874500471217833e-03,6.318936320427442216e-03,6.077567255784453379e-03,6.920416036654756034e-03,6.229623248014830132e-03,2.849231239688805508e-03,3.110141675869679528e-03,-5.858697561746613151e-03,-4.763572222362231915e-04,-1.778339982573307369e-04,7.683070600658551503e-04
1.780000000000000027e+00,9.795426043975036592e-03,2.962414209706173019e-03,6.260420432206895321e-03,6.072869477687225549e-03,6.918574910500682046e-03,6.237314317166219382e-03,2.750068750839378129e-03,3.197100522703264815e-03,-5.844891016205494907e-03,-4.618457113245736864e-04,-1.913662271576729314e-04,7.695816998174646959e-04
1.790000000000000036e+00,9.822441527392897914e-03,2.994804147249446793e-03,6.202038775925499195e-03,6.068318562897062791e-03,6.916602168422141678e-03,6.245006012216078838e-03,2.657452252594249588e-03,3.279101807494832696e-03,-5.833382451796116815e-03,-4.432447991660839765e-04,-2.071875295094796187e-04,7.683147135489944981e-04
1.800000000000000044e+00,9.848571440107697222e-03,3.027988084989616593e-03,6.143756442973576440e-03,6.063977596664603051e-03,6.914455744203068868e-03,6.252675278009908570e-03,2.571850750613769582e-03,3.356121942355641541e-03,-5.824539504345868125e-03,-4.220427871389934938e-04,-2.243240631203651111e-04,7.651375847898231634e-04
1.810000000000000053e+00,9.873884040881185029e-03,3.061923349680712586e-03,6.085548194964302167e-03,6.059886230283350987e-03,6.912109445411660294e-03,6.260308883680091793e-03,2.492705304807993523e-03,3.428455443258439893e-03,-5.818120062410720231e-03,-3.999678410940404861e-04,-2.416478585450868835e-04,7.606610325407405426e-04
1.820000000000000062e+00,9.898441152993289055e-03,3.096557061794411817e-03,6.027391369907737252e-03,6.056016548090510480e-03,6.909590677103167981e-03,6.267894640156606093e-03,2.419922578738799637e-03,3.496236763910629854e-03,-5.813893650034487708e-03,-3.778533055217922617e-04,-2.587337762888711071e-04,7.555806914037123314e-04
1.830000000000000071e+00,9.922303975783671251e-03,3.131839353829546802e-03,5.969264552361070245e-03,6.052344314524361717e-03,6.906921596046766525e-03,6.275425488072181902e-03,2.352724703083470398e-03,3.560061980639126107e-03,-5.811376053619887218e-03,-3.564493371235336267e-04,-2.752252211590690669e-04,7.506001344124353138e-04
1.840000000000000080e+00,9.945512828941261221e-03,3.167739125414511820e-03,5.911157669508933753e-03,6.048857685001339871e-03,6.904110847282320454e-03,6.282904347532401908e-03,2.289167203043709388e-03,3.621094333954622685e-03,-5.809620832295845673e-03,-3.365677424048553294e-04,-2.907064971485229829e-04,7.462778705042393814e-04
1.850000000000000089e+00,9.968087152504254492e-03,3.204244043307260311e-03,5.853071991163400975e-03,6.045557205916032503e-03,6.901153564120382500e-03,6.290344118115699310e-03,2.226138998345641735e-03,3.681064228551595569e-03,-5.807219317917498499e-03,-3.190819776756539526e-04,-3.047028074355661730e-04,7.430273445200878592e-04
1.860000000000000098e+00,9.990016683823632268e-03,3.241361635043127788e-03,5.795023579117935739e-03,6.042453175420109575e-03,6.898035930183406272e-03,6.297761396815052849e-03,2.160414630045696428e-03,3.741598491117370789e-03,-5.802724731411899352e-03,-3.048554424395393046e-04,-3.166935382730011483e-04,7.410249878186180939e-04
1.870000000000000107e+00,1.001126519279753671e-02,3.279096017547894135e-03,5.737038426618004672e-03,6.039498864891432693e-03,6.894791243358741085e-03,6.305163950476621801e-03,2.091569119185072555e-03,3.802658760134915942e-03,-5.795648123972481185e-03,-2.940215437096351447e-04,-3.265410234086166415e-04,7.402884715772602847e-04
1.880000000000000115e+00,1.003181051072361309e-02,3.317440311945656431e-03,5.679137143082446833e-03,6.036616433510206756e-03,6.891472839043804970e-03,6.312569021381692937e-03,2.018357958751712707e-03,3.864953475849102708e-03,-5.785119902975836489e-03,-2.861234338879874942e-04,-3.345487740008373768e-04,7.409717022661914789e-04
1.890000000000000124e+00,1.005161282508468777e-02,3.356401844327104502e-03,5.621350970409815656e-03,6.033764267604043580e-03,6.888108295331230382e-03,6.319989670683808652e-03,1.939840857756103959e-03,3.928988726048453575e-03,-5.770597324052216190e-03,-2.804944039551759516e-04,-3.411466606000474453e-04,7.429190700657389975e-04
1.900000000000000133e+00,1.007061293509033638e-02,3.396002985772177390e-03,5.563722566176889338e-03,6.030938562043551034e-03,6.884698601085468585e-03,6.327433856021263785e-03,1.855506571018548457e-03,3.994981361463163967e-03,-5.751921298620198998e-03,-2.762631014121599816e-04,-3.468824355518367476e-04,7.456447586980018355e-04
1.910000000000000142e+00,1.008873260617366811e-02,3.436280918576198936e-03,5.506305784504058470e-03,6.028173139498548515e-03,6.881218324236924345e-03,6.334904353025543403e-03,1.765279983953026502e-03,4.062854492436273474e-03,-5.729316714318981492e-03,-2.723645916895978537e-04,-3.524139431988352667e-04,7.483386101192660662e-04
1.919999999999999929e+00,1.010591909301903138e-02,3.477253999662547647e-03,5.449138026458958360e-03,6.025489737934020505e-03,6.877654068231761793e-03,6.342394668787203899e-03,1.670353895289104426e-03,4.131783247434171226e-03,-5.703352051631999965e-03,-2.685280199708409816e-04,-3.578015626867082476e-04,7.505951526667231817e-04
1.929999999999999938e+00,1.012214036564473320e-02,3.518917347550980061e-03,5.392244448363418471e-03,6.022847334187935581e-03,6.874035362900974590e-03,6.349904688515069576e-03,1.572486607123376205e-03,4.200810406450128896e-03,-5.674629426259163861e-03,-2.640412945636798326e-04,-3.633805777887241534e-04,7.522363414991894807e-04
1.939999999999999947e+00,1.013736761586656737e-02,3.561268274697107321e-03,5.335651432873724995e-03,6.020230767529956804e-03,6.870373898773529490e-03,6.357432423694351839e-03,1.473077693166661159e-03,4.269248552328660899e-03,-5.643784078161632328e-03,-2.579411966459024992e-04,-3.697021523615569836e-04,7.529181622116524119e-04
1.949999999999999956e+00,1.015159282645382646e-02,3.604297762823356361e-03,5.279376081649826344e-03,6.017660177863783794e-03,6.866659914375314831e-03,6.364966764109127213e-03,1.373471553045560326e-03,4.336440424630434547e-03,-5.611529168280209728e-03,-2.497826585536010169e-04,-3.770043635997099218e-04,7.524116865869951874e-04
1.959999999999999964e+00,1.016482873847940512e-02,3.647990481356579422e-03,5.223426224936770362e-03,6.015190946542231000e-03,6.862862238484028488e-03,6.372487491304516631e-03,1.274955806679878203e-03,4.401759202657315288e-03,-5.578654608586802212e-03,-2.396404611640732944e-04,-3.852112795853900452e-04,7.506037100386895970e-04
1.969999999999999973e+00,1.017709630008564216e-02,3.692327139515371934e-03,5.167803893386739914e-03,6.012869558872847853e-03,6.858956308792399023e-03,6.379975438924692134e-03,1.178487593949819646e-03,4.464649000618966905e-03,-5.545723012014784799e-03,-2.282042151842530921e-04,-3.939050876436320475e-04,7.476310976452111559e-04
1.979999999999999982e+00,1.018841658212835122e-02,3.737277461254922932e-03,5.112508180138096263e-03,6.010671547266758369e-03,6.854959516399930508e-03,6.387427895543550983e-03,1.085158005596384813e-03,4.524599546445013179e-03,-5.513194673016258950e-03,-2.154853975480145150e-04,-4.030965065218461993e-04,7.436462435139125273e-04
1.989999999999999991e+00,1.019881897469469660e-02,3.782808864540487294e-03,5.057535042739978379e-03,6.008584354686155420e-03,6.850881203036421514e-03,6.394841005159494426e-03,9.956637752625415935e-04,4.581382023176440096e-03,-5.481404844576632206e-03,-2.013994511863283438e-04,-4.128571297972913855e-04,7.387736258928115059e-04
2.000000000000000000e+00,1.020833766317844060e-02,3.828892093692049317e-03,5.002878704092229498e-03,6.006618396245800955e-03,6.846717366966823676e-03,6.402207359204839521e-03,9.098740638614303275e-04,4.635146700764839964e-03,-5.450337174453914399e-03,-1.863071030051707756e-04,-4.230089317599712616e-04,7.332391305491955903e-04
2.010000000000000231e+00,1.021701162827993829e-02,3.875501219384324021e-03,4.948531652445403196e-03,6.004807059213022533e-03,6.842450662991245158e-03,6.409515996545814796e-03,8.268304595763615282e-04,4.686422936072412275e-03,-5.419623705178717651e-03,-1.710143638855229366e-04,-4.331242674126345796e-04,7.273700507696221999e-04
2.020000000000000018e+00,1.022486727461641848e-02,3.922618730595369037e-03,4.894492448912328604e-03,6.003187068822514634e-03,6.838062598687305246e-03,6.416755552333119894e-03,7.453747498996107605e-04,4.735714047078601677e-03,-5.388788718555429826e-03,-1.566563759528140181e-04,-4.426098611904782541e-04,7.215434106020698684e-04
2.030000000000000249e+00,1.023191422797338664e-02,3.970222551323024374e-03,4.840764469227160603e-03,6.001716590392076195e-03,6.833577405766536224e-03,6.423935182009769644e-03,6.653326368519250694e-04,4.783092612081083807e-03,-5.357653955632771248e-03,-1.435937352856152911e-04,-4.512994389783858717e-04,7.160331209338821916e-04
2.040000000000000036e+00,1.023817068481751476e-02,4.018285841386764860e-03,4.787346987768533249e-03,6.000347601253845815e-03,6.829020775870377376e-03,6.431068631334459391e-03,5.861173892659697583e-04,4.828996708581719671e-03,-5.325849865664528462e-03,-1.317447310471479924e-04,-4.592439485147541199e-04,7.110195600265741770e-04
2.049999999999999822e+00,1.024364023077015649e-02,4.066794527332102775e-03,4.734248355330483715e-03,5.999059905634869343e-03,6.824404075733756132e-03,6.438162740980482579e-03,5.068077629205670681e-04,4.873942289065920537e-03,-5.292898364317387763e-03,-1.210750620239907903e-04,-4.664803141233984820e-04,7.065667765322865496e-04
2.060000000000000053e+00,1.024831159482404198e-02,4.115747427161440229e-03,4.681486122539626343e-03,5.997861149361590968e-03,6.819724364191131344e-03,6.445217414777380457e-03,4.261531239302380038e-04,4.918518657647408948e-03,-5.258215063965798047e-03,-1.115996153799674018e-04,-4.730308032028510612e-04,7.026220770580516401e-04
2.069999999999999840e+00,1.025215953537729659e-02,4.165154808276256594e-03,4.629086289266100794e-03,5.996783754083192045e-03,6.814966280409555377e-03,6.452225552423388084e-03,3.427804307491235931e-04,4.963279042429520095e-03,-5.221201158531109214e-03,-1.034516423544518387e-04,-4.788676930520178554e-04,6.990589704590316174e-04
2.080000000000000071e+00,1.025515958407403200e-02,4.215015741810710856e-03,4.577070927480762254e-03,5.995813406353397122e-03,6.810138651682311715e-03,6.459189063331021580e-03,2.570566380435092757e-04,5.007933630897282336e-03,-5.181991885572788219e-03,-9.688996705403761078e-05,-4.838740855457754559e-04,6.959683639490902001e-04
2.089999999999999858e+00,1.025729196099430841e-02,4.265321016908033003e-03,4.525457891735769518e-03,5.994891609088454608e-03,6.805269117060860212e-03,6.466128209991785919e-03,1.692489331857001985e-04,5.052460727292645316e-03,-5.140598310763580363e-03,-9.124921861404240286e-05,-4.883588458425696397e-04,6.932130710904708904e-04
2.100000000000000089e+00,1.025853734670282257e-02,4.316065819153316364e-03,4.474267029461585603e-03,5.993991899612929018e-03,6.800370342443947357e-03,6.473052444178925384e-03,7.948347950530697259e-05,5.096859554571764837e-03,-5.097026218851572442e-03,-8.590027267144003395e-05,-4.926259125257550532e-04,6.905733800281933657e-04
2.109999999999999876e+00,1.025887718876700855e-02,4.367249458851018076e-03,4.423520055075020295e-03,5.993123348806353098e-03,6.795439027960147559e-03,6.479957749709689893e-03,-1.203486486634700991e-05,5.141008747390210347e-03,-5.051385822139606643e-03,-8.041373957064164345e-05,-4.968961847710220850e-04,6.878067570914521466e-04
2.120000000000000107e+00,1.025829383359570454e-02,4.418875228730615237e-03,4.373240437167076437e-03,5.992330104659194211e-03,6.790456161483392900e-03,6.486826733127898890e-03,-1.050177523729529076e-04,5.184663619727382204e-03,-5.003893430737734252e-03,-7.457397251123682987e-05,-5.013012609346089929e-04,6.846563116667331783e-04
2.129999999999999893e+00,1.025677792962364707e-02,4.470938212209603878e-03,4.323445216437614771e-03,5.991635516033100295e-03,6.785412939125139847e-03,6.493646754196502613e-03,-1.987199993144697760e-04,5.227358741847892669e-03,-4.954967481919140236e-03,-6.870136236206440469e-05,-5.057230005095944515e-04,6.812005773849926513e-04
2.140000000000000124e+00,1.025432659604322803e-02,4.523421126462754890e-03,4.274143996295024124e-03,5.990999887174854738e-03,6.780325276917591529e-03,6.500431331498125048e-03,-2.920893240794104851e-04,5.268696104872530594e-03,-4.905077467166138114e-03,-6.235722235121865411e-05,-5.103423405589215586e-04,6.773657090998676678e-04
2.149999999999999911e+00,1.025094272341712034e-02,4.576307485507457966e-03,4.225345165481422978e-03,5.990406018261747352e-03,6.775199322367293428e-03,6.507186238975153775e-03,-3.844284744462219197e-04,5.308430052361069740e-03,-4.854544841777778258e-03,-5.504887053828930112e-05,-5.153638647608713283e-04,6.729896244256297231e-04
2.160000000000000142e+00,1.024663756256074046e-02,4.629581165232454255e-03,4.177054737661594491e-03,5.989866579822543217e-03,6.770030013522230876e-03,6.513904494628602881e-03,-4.753938193740095126e-04,5.346406733237024644e-03,-4.803555446185964195e-03,-4.670379780626336441e-05,-5.208121550208513533e-04,6.680314713602816725e-04
2.169999999999999929e+00,1.024143069176846124e-02,4.683226414284783097e-03,4.129276366430441846e-03,5.989424080513792818e-03,6.764801099289697098e-03,6.520566365948103627e-03,-5.649948403817004047e-04,5.382563706389463347e-03,-4.752159814102716387e-03,-3.767064041094371376e-05,-5.265315520070110687e-04,6.625721881592828034e-04
2.180000000000000160e+00,1.023533778552157894e-02,4.737228106105882339e-03,4.082014950305769968e-03,5.989112117053179210e-03,6.759501374368812217e-03,6.527154129787766761e-03,-6.531959211771444073e-04,5.416778468957973713e-03,-4.700456809665204232e-03,-2.870991708324614820e-05,-5.322295301538762600e-04,6.569125911886958182e-04
2.189999999999999947e+00,1.022837323855644957e-02,4.791561768090047899e-03,4.035270623515847116e-03,5.988892383066996526e-03,6.754143959533871408e-03,6.533683526133678490e-03,-7.395259652967422700e-04,5.448947646063470075e-03,-4.648678369465433780e-03,-1.979790320083685200e-05,-5.378950797393381106e-04,6.511560088134443975e-04
2.200000000000000178e+00,1.022055561958625132e-02,4.846203339522889286e-03,3.989042249072973119e-03,5.988738302674299213e-03,6.748737057227872926e-03,6.540166605373423300e-03,-8.239032901622249383e-04,5.479156740914880447e-03,-4.596841659505687856e-03,-1.072303940288401702e-05,-5.435688077291674298e-04,6.452769914218911638e-04
2.209999999999999964e+00,1.021190050014932939e-02,4.901134682229428031e-03,3.943332332093062165e-03,5.988649550294140519e-03,6.743281346405044681e-03,6.546602772934377416e-03,-9.067092430194657795e-04,5.507608666041954003e-03,-4.544748817315048470e-03,-1.556499375683677777e-06,-5.491987000892360228e-04,6.393123648190563195e-04
2.220000000000000195e+00,1.020242045460919254e-02,4.956343580574116767e-03,3.898147019795625019e-03,5.988652050645567292e-03,6.737769982530837296e-03,6.552978789283714876e-03,-9.887882009385106155e-04,5.534623743295268017e-03,-4.491986951949381197e-03,7.347810147343486942e-06,-5.546401217855185346e-04,6.333612302266147191e-04
2.229999999999999982e+00,1.019212031794757868e-02,5.011822516441489378e-03,3.853497249750869290e-03,5.988780136823876853e-03,6.732194819769037747e-03,6.559275854923368905e-03,-1.070916633942358559e-03,5.560428724371233207e-03,-4.438220196288480794e-03,1.531895249163641050e-05,-5.596737765281783539e-04,6.276698375924681184e-04
2.240000000000000213e+00,1.018099929167956379e-02,5.067555665935943171e-03,3.809390802201640357e-03,5.988995613917576927e-03,6.726568461277897433e-03,6.565511121002606809e-03,-1.152841672719623432e-03,5.585009730081718325e-03,-4.383608009422628252e-03,2.224627052852674159e-05,-5.642697634314980870e-04,6.224010551833132881e-04
2.250000000000000000e+00,1.016906148441665443e-02,5.123525674888877723e-03,3.765832278259806463e-03,5.989255780912726597e-03,6.720902954613929524e-03,6.571707099357768957e-03,-1.234702899370896615e-03,5.608592957089994849e-03,-4.328034183928574329e-03,2.854244334314727435e-05,-5.685262086368414979e-04,6.174310059568933898e-04
2.260000000000000231e+00,1.015630586461823900e-02,5.179721906402587513e-03,3.722831635149876067e-03,5.989547622632766105e-03,6.715203089204754144e-03,6.577870205335021106e-03,-1.316808694107502852e-03,5.631360887901510313e-03,-4.271307600305628352e-03,3.445163630807647329e-05,-5.725189090049978427e-04,6.126478080975420251e-04
2.270000000000000018e+00,1.014272606083422255e-02,5.236140501517360865e-03,3.680404297244506320e-03,5.989887800580758100e-03,6.709466452640789301e-03,6.583990681155225608e-03,-1.399623399377138144e-03,5.653445195766465536e-03,-4.213170129686084377e-03,4.004139993112446375e-05,-5.763000362468563955e-04,6.079565042302452222e-04
2.280000000000000249e+00,1.012831115663258112e-02,5.292782561280070380e-03,3.638570199865134684e-03,5.990315929591811910e-03,6.703685367528668983e-03,6.590045541893145044e-03,-1.483592255191132922e-03,5.674873531167804602e-03,-4.153406979200961746e-03,4.511475415966039587e-05,-5.798763318365149745e-04,6.033599628612164659e-04
2.290000000000000036e+00,1.011305350329080345e-02,5.349638041339129478e-03,3.597342381104906214e-03,5.990815499935775966e-03,6.697864977406276128e-03,6.596041429517282388e-03,-1.568151720379326987e-03,5.695446342420986373e-03,-4.092381645576474193e-03,4.947885571733502702e-05,-5.832426176762578896e-04,5.990554064080042852e-04
2.300000000000000266e+00,1.009694905796514053e-02,5.406693311106027834e-03,3.556728964335904852e-03,5.991343552369110190e-03,6.692013807635835941e-03,6.602003658051601442e-03,-1.652878877365641062e-03,5.715147836001486202e-03,-4.030276040727802378e-03,5.374458756037015525e-05,-5.865621685106841383e-04,5.948096707318401488e-04
2.310000000000000053e+00,1.007999623128560257e-02,5.463937608468177193e-03,3.516739625080108397e-03,5.991886830707194959e-03,6.686134320766662191e-03,6.607940235288799376e-03,-1.737558148962095855e-03,5.733933654644972865e-03,-3.967161136469337865e-03,5.832338600770603439e-05,-5.899561484056661071e-04,5.904258096994718583e-04
2.319999999999999840e+00,1.006219604016015193e-02,5.521362774649795843e-03,3.477385650508366295e-03,5.992462550152598440e-03,6.680223078741284216e-03,6.613840869899354109e-03,-1.822118902051244422e-03,5.751698193611574222e-03,-3.903043023634582710e-03,6.333555457836733522e-05,-5.934832439452676417e-04,5.858006907783204313e-04
2.330000000000000071e+00,1.004355180242419952e-02,5.578962866567134700e-03,3.438679905702794921e-03,5.993115663356958153e-03,6.674271538166019410e-03,6.619678235933181346e-03,-1.906597199343726531e-03,5.768269732057894686e-03,-3.837895484836823055e-03,6.856981109299715548e-05,-5.971339866989001195e-04,5.809617040504361793e-04
2.339999999999999858e+00,1.002406664011048880e-02,5.636725158970084040e-03,3.400631589592248601e-03,5.993850213795201380e-03,6.668279381851391699e-03,6.625447863477011701e-03,-1.990520115503697715e-03,5.783438547699435404e-03,-3.772068817148946547e-03,7.362039002797672919e-05,-6.008594868287790323e-04,5.761929117251489386e-04
2.350000000000000089e+00,1.000374801264804561e-02,5.694630772094803027e-03,3.363242354950571333e-03,5.994627787485184468e-03,6.662250045687092767e-03,6.631175460385775079e-03,-2.073308899674054274e-03,5.797132455847394533e-03,-3.705865509395067821e-03,7.892110285929853774e-05,-6.047272341083061989e-04,5.713267371268730341e-04
2.359999999999999876e+00,9.982606313715083196e-03,5.752663097121840825e-03,3.326514843440991128e-03,5.995434559286351613e-03,6.656183785864596900e-03,6.636871071452716923e-03,-2.154739144586696482e-03,5.809320509088369312e-03,-3.639371977954435500e-03,8.476275402162634540e-05,-6.087689737077084124e-04,5.662067658040651060e-04
2.370000000000000107e+00,9.960654144304668250e-03,5.810808004907143040e-03,3.290453569236038989e-03,5.996283680455415793e-03,6.650078332455173005e-03,6.642526357544625143e-03,-2.234915168641683596e-03,5.819991047161808366e-03,-3.572504149612748623e-03,9.110742120824113100e-05,-6.129529486937707267e-04,5.608082543745961362e-04
2.379999999999999893e+00,9.937905982920809331e-03,5.869053855552952212e-03,3.255065061042859264e-03,5.997214646265879197e-03,6.643929077401996945e-03,6.648114871650252951e-03,-2.314252766878078117e-03,5.829147734425225297e-03,-3.505021978946633483e-03,9.757744829322410711e-05,-6.171852151250075639e-04,5.552496133243128417e-04
2.390000000000000124e+00,9.914369454134298876e-03,5.927387717317846721e-03,3.220357409248873152e-03,5.998242542417510197e-03,6.637735967844659961e-03,6.653623881617735415e-03,-2.392735184776055568e-03,5.836742071019595385e-03,-3.437053668920260572e-03,1.035750070774148093e-04,-6.213889634692171217e-04,5.499066903679152496e-04
2.399999999999999911e+00,9.890054799827921461e-03,5.985789556490231540e-03,3.186329848627992428e-03,5.999325929011371968e-03,6.631501044354231808e-03,6.659082880998437592e-03,-2.470039739400396207e-03,5.842854892377026196e-03,-3.368815680978589754e-03,1.093463005924281929e-04,-6.255521635258664897e-04,5.447041339288455743e-04
2.410000000000000142e+00,9.864973325027089415e-03,6.044242153136642273e-03,3.152983011873624741e-03,6.000442395484977161e-03,6.625225036895538051e-03,6.664508543940437374e-03,-2.546192636583672134e-03,5.847607336313970922e-03,-3.300267740595284709e-03,1.151627275008932738e-04,-6.296563983887079044e-04,5.394801744487369823e-04
2.419999999999999929e+00,9.839133818215994864e-03,6.102732886239381829e-03,3.120322160089086978e-03,6.001595438870867792e-03,6.618908643465669372e-03,6.669897840472049748e-03,-2.621504548345129481e-03,5.851104194488080355e-03,-3.231205554395140921e-03,1.210521439516148350e-04,-6.336754989432138866e-04,5.341761649106443067e-04
2.430000000000000160e+00,9.812542551264515425e-03,6.161253733673758247e-03,3.088357182830003215e-03,6.002814463658685644e-03,6.612552530138577842e-03,6.675228036544005733e-03,-2.696570603808466898e-03,5.853433910063445510e-03,-3.161260817962992849e-03,1.267988570472251147e-04,-6.375755446017062136e-04,5.288365872835581322e-04
2.439999999999999947e+00,9.785200768736656771e-03,6.219797134290472838e-03,3.057100960186033209e-03,6.004125601017132677e-03,6.606158818507555999e-03,6.680476681305248625e-03,-2.771644858605581355e-03,5.854596119264606109e-03,-3.090376482468816782e-03,1.318869204974507819e-04,-6.413523321915036695e-04,5.237873036404337105e-04
2.450000000000000178e+00,9.757110413725528925e-03,6.278347422790783380e-03,3.026557037206104549e-03,6.005489572107324328e-03,6.599728178566860101e-03,6.685672795409805004e-03,-2.846326051364938495e-03,5.854668804469140113e-03,-3.018874467933477506e-03,1.364726226747582487e-04,-6.450223445445403374e-04,5.190451510809831071e-04
2.459999999999999964e+00,9.728275969768666182e-03,6.336890686728912855e-03,2.996728063165262669e-03,6.006877068741646800e-03,6.593260088265784531e-03,6.690839827944023745e-03,-2.920552194245916965e-03,5.853776762263537652e-03,-2.946757146784625622e-03,1.409867795353037748e-04,-6.485893368761204035e-04,5.143574710809949678e-04
2.470000000000000195e+00,9.698700776444392491e-03,6.395416807307431964e-03,2.967621005376641120e-03,6.008285642163495484e-03,6.586755302729060263e-03,6.695979495092186339e-03,-2.994426374886176908e-03,5.851956778441986390e-03,-2.873914262207880824e-03,1.456320908002199405e-04,-6.520724609979938616e-04,5.095796804986965850e-04
2.479999999999999982e+00,9.668387029371824926e-03,6.453919459377238307e-03,2.939247149191474579e-03,6.009739703047276699e-03,6.580215854256848788e-03,6.701071780136500823e-03,-3.068216756401634382e-03,5.849157628006366322e-03,-2.800122928146859223e-03,1.503831399556142365e-04,-6.555062653183557544e-04,5.046752715747546570e-04
2.490000000000000213e+00,9.637335502652973410e-03,6.512393332346717856e-03,2.911620791265923189e-03,6.011275751873433257e-03,6.573645056524529337e-03,6.706085648428433861e-03,-3.142097595345476422e-03,5.845254492793223143e-03,-2.725289645417320380e-03,1.548930011058833657e-04,-6.589523424112107971e-04,4.998565386554996732e-04
2.500000000000000000e+00,9.605547941600001832e-03,6.570824082386057460e-03,2.884747190462688161e-03,6.012868363474139881e-03,6.567041228729453804e-03,6.711041229031678226e-03,-3.215515805940426762e-03,5.840237383128198297e-03,-2.649879384281214004e-03,1.591308512025239148e-04,-6.624540592437018873e-04,4.952821705503153990e-04
2.510000000000000231e+00,9.573029566633091403e-03,6.629197676356077783e-03,2.858627523880536044e-03,6.014487398750933966e-03,6.560399742494329653e-03,6.715966147385931881e-03,-3.288158884094537389e-03,5.834149100730857095e-03,-2.574038996562574063e-03,1.635893684043550724e-04,-6.659992405072930272e-04,4.906465327504154700e-04
2.520000000000000018e+00,9.539787388730574733e-03,6.687502215093929329e-03,2.833265938691109827e-03,6.016128407495169479e-03,6.553719205886869570e-03,6.720865463514055609e-03,-3.359934763687194396e-03,5.826958813998959520e-03,-2.497762236853229463e-03,1.685037884908068494e-04,-6.695837553576505221e-04,4.857734647119325627e-04
2.530000000000000249e+00,9.505830160144739319e-03,6.745727846237959888e-03,2.808669624001605344e-03,6.017812521023231491e-03,6.547001570601914018e-03,6.725721609487731595e-03,-3.430959798254822404e-03,5.818560390472483738e-03,-2.420903601618284561e-03,1.738337454671590860e-04,-6.732131978811839662e-04,4.806331935933514776e-04
2.540000000000000036e+00,9.471167215127444458e-03,6.803865917422538198e-03,2.784848811072283912e-03,6.019579752616411629e-03,6.540252005314326107e-03,6.730499345018343786e-03,-3.501449124911282934e-03,5.808793699337876267e-03,-2.343300385726105987e-03,1.792136004671282296e-04,-6.769219594060721986e-04,4.754222589966025691e-04
2.550000000000000266e+00,9.435804709424837344e-03,6.861901584048048751e-03,2.761808424915660094e-03,6.021419409539568134e-03,6.533469166322775079e-03,6.735207080402756501e-03,-3.571010641477805666e-03,5.797663172488289052e-03,-2.265369204628827488e-03,1.843872548817145790e-04,-6.807597157496003953e-04,4.704372881953383439e-04
2.560000000000000053e+00,9.399752932641693842e-03,6.919818354452400913e-03,2.739545841520993862e-03,6.023299772879108990e-03,6.526644586897287562e-03,6.739876831966805891e-03,-3.639321381551787610e-03,5.785248646453285647e-03,-2.187303423286382758e-03,1.897542865703776298e-04,-6.846464797081670871e-04,4.654002791835467603e-04
2.569999999999999840e+00,9.363023135140962488e-03,6.977602149567183575e-03,2.718061725085799043e-03,6.025212080814349412e-03,6.519775268826316465e-03,6.744518336635254956e-03,-3.706343109502510755e-03,5.771573610334144663e-03,-2.109080078865745687e-03,1.955167440409594757e-04,-6.885192399755940421e-04,4.601259054069811900e-04
2.580000000000000071e+00,9.325626987653800812e-03,7.035241248408239528e-03,2.697360618523255826e-03,6.027170796739017740e-03,6.512864310756450240e-03,6.749118137978925291e-03,-3.772298043817407485e-03,5.756604699267552951e-03,-2.030500340806829992e-03,2.016157460244961800e-04,-6.923460674174780009e-04,4.545842864930254939e-04
2.589999999999999858e+00,9.287576021282776401e-03,7.092726068398993652e-03,2.677451103753608966e-03,6.029211692280711521e-03,6.505920775440291945e-03,6.753641055079561903e-03,-3.837620905593126883e-03,5.740257372730987913e-03,-1.951243021451388700e-03,2.077102570167442606e-04,-6.961394511825174779e-04,4.489367794565782602e-04
2.600000000000000089e+00,9.248876214723752293e-03,7.150043587292240037e-03,2.658340403597262303e-03,6.031337385132905932e-03,6.498947451901751840e-03,6.758081718274524911e-03,-3.902172607757639980e-03,5.722570951455946756e-03,-1.871592749332640256e-03,2.133996799726137997e-04,-6.999984267993736905e-04,4.435901105520582304e-04
2.609999999999999876e+00,9.209536560051930984e-03,7.207177790724100287e-03,2.640025385307184433e-03,6.033513079789833491e-03,6.491933302048142652e-03,6.762476594108344022e-03,-3.965684349558805215e-03,5.703715948463314658e-03,-1.791776196032948253e-03,2.190111577592251924e-04,-7.038205984609196761e-04,4.383206584767147958e-04
2.620000000000000107e+00,9.169566690623288246e-03,7.264115359102794184e-03,2.622505816083466230e-03,6.035723780143341204e-03,6.484873511254297951e-03,6.766841892845419128e-03,-4.028154552661515446e-03,5.683780412382320388e-03,-1.711760079600610279e-03,2.247988526456420097e-04,-7.075133281541742987e-04,4.328975771833219830e-04
2.629999999999999893e+00,9.128975356300172636e-03,7.320845828339590800e-03,2.605786277315994947e-03,6.037976732087123148e-03,6.477771508757221471e-03,6.771169577918232860e-03,-4.089788000507429619e-03,5.662758496209768962e-03,-1.631348902162986156e-03,2.307993646704004412e-04,-7.110483480536938707e-04,4.272385736146916391e-04
2.640000000000000124e+00,9.087770386393341157e-03,7.377361551430343910e-03,2.589876184999008804e-03,6.040301274020699017e-03,6.470638955337988316e-03,6.775427475827325990e-03,-4.150990615868522214e-03,5.640551339058643733e-03,-1.550191566466069390e-03,2.368280027023345210e-04,-7.144638272443902104e-04,4.214153598507940903e-04
2.649999999999999911e+00,9.045956272963187605e-03,7.433652514922409194e-03,2.574786031729291418e-03,6.042714189181491898e-03,6.463484805348245800e-03,6.779594336616385705e-03,-4.211775129413421019e-03,5.617135500162059869e-03,-1.468422270904291881e-03,2.424726032991780355e-04,-7.179297866386737592e-04,4.158534572059880666e-04
2.660000000000000142e+00,9.003538588308353588e-03,7.489704429710980146e-03,2.560514416403545171e-03,6.045182935148882448e-03,6.456296027923071230e-03,6.783706407068272777e-03,-4.271763676747023473e-03,5.592691668506105836e-03,-1.386408373043848848e-03,2.479819404658368089e-04,-7.213906553147299196e-04,4.104371527311177791e-04
2.669999999999999929e+00,8.960525013716847537e-03,7.545505223887946471e-03,2.547060435920384287e-03,6.047688703219858929e-03,6.449064100959435268e-03,6.787786195332508495e-03,-4.330839385830275237e-03,5.567303850135566987e-03,-1.304185514985908975e-03,2.536968100077863545e-04,-7.247324942066429073e-04,4.048688039638642460e-04
2.680000000000000160e+00,8.916923733194857468e-03,7.601044809400636301e-03,2.534427588918840898e-03,6.050234202871760877e-03,6.441790527906314338e-03,6.791831008030434734e-03,-4.389054836868290684e-03,5.540932473723842420e-03,-1.221637303208517565e-03,2.597400550431213230e-04,-7.279191218783151061e-04,3.990103861405707884e-04
2.689999999999999947e+00,8.872743433466773536e-03,7.656315082051804929e-03,2.522623775778366773e-03,6.052843661762277380e-03,6.434486837764688029e-03,6.795812950255213959e-03,-4.446632062310332083e-03,5.513414390572954522e-03,-1.138495308566626028e-03,2.660165660025536321e-04,-7.309921145234652253e-04,3.928834921962449825e-04
2.700000000000000178e+00,8.827991612636334334e-03,7.711306979913945363e-03,2.511659736197447042e-03,6.055544999078525149e-03,6.427167881732928113e-03,6.799697698827170123e-03,-4.503681374832119166e-03,5.484608433337388733e-03,-1.054716198413168304e-03,2.721593220342489387e-04,-7.341333676148634494e-04,3.868405939060952045e-04
2.709999999999999964e+00,8.782674661777897102e-03,7.766006016842613886e-03,2.501535292663473794e-03,6.058314221170021940e-03,6.419821281772168133e-03,6.803514022965503720e-03,-4.559766619665227803e-03,5.454689790045322978e-03,-9.707986494161180337e-04,2.782204380889988639e-04,-7.373654901392542958e-04,3.809691683114402967e-04
2.720000000000000195e+00,8.736802046159827806e-03,7.820399590363041886e-03,2.492247023388565342e-03,6.061130614589860417e-03,6.412433370389222266e-03,6.807290383726104406e-03,-4.614671908292686600e-03,5.423744010278857934e-03,-8.868523580506967700e-04,2.845590222571195253e-04,-7.405206680611630754e-04,3.749254190137304163e-04
2.729999999999999982e+00,8.690384550356927348e-03,7.874476394529946952e-03,2.483795650690511034e-03,6.063993099918158977e-03,6.405002721318081571e-03,6.811029588755213547e-03,-4.668379327912019865e-03,5.391737760859432495e-03,-8.028118140503678673e-04,2.913124529780026064e-04,-7.435169565830167379e-04,3.685361491065485971e-04
2.740000000000000213e+00,8.643434255865561563e-03,7.928226394431945462e-03,2.476186065982627360e-03,6.066920175862181540e-03,6.397540163984079958e-03,6.814708811704774626e-03,-4.721066625510335693e-03,5.358519810386396832e-03,-7.184403203935752630e-04,2.983933112832769198e-04,-7.463601476987293893e-04,3.618031052566733912e-04
2.750000000000000000e+00,8.595963127765943526e-03,7.981639750912965930e-03,2.469427167714639652e-03,6.069942711251644432e-03,6.390065619544969475e-03,6.818287492328601630e-03,-4.772982045064802850e-03,5.323900242010230766e-03,-6.335195834219066284e-04,3.054573804257134729e-04,-7.491957103441429077e-04,3.550048145426970905e-04
2.760000000000000231e+00,8.547978989150458937e-03,8.034702072712607973e-03,2.463520762410545146e-03,6.073048400348699666e-03,6.382572576471558408e-03,6.821780097241283113e-03,-4.823823108592693518e-03,5.288063887408990874e-03,-5.485297493920854610e-04,3.123537633464034172e-04,-7.521465604408448602e-04,3.484321971121917224e-04
2.770000000000000018e+00,8.499492732957660696e-03,8.087400056689350927e-03,2.458460995959824581e-03,6.076213848186092122e-03,6.375042235213223933e-03,6.825221375995756470e-03,-4.873370479157199293e-03,5.251167604322980707e-03,-4.636390779837476711e-04,3.194021202564499150e-04,-7.549938992232615260e-04,3.417463327320503308e-04
2.780000000000000249e+00,8.450516112488039647e-03,8.139721990982569377e-03,2.454246246433916014e-03,6.079433212852312571e-03,6.367469861333800024e-03,6.828620611196854068e-03,-4.921615335462397288e-03,5.213233576679697327e-03,-3.787979000253452119e-04,3.267544097082493242e-04,-7.576032517960489942e-04,3.347361509331127707e-04
2.790000000000000036e+00,8.401061403911015343e-03,8.191657582952472511e-03,2.450879578214757749e-03,6.082718104698001116e-03,6.359865284495845421e-03,6.831961158305866789e-03,-4.968742278619784312e-03,5.174159118198261298e-03,-2.937763169003256296e-04,3.343629311023916346e-04,-7.599510021598498023e-04,3.273675531983078119e-04
2.800000000000000266e+00,8.351140965377906039e-03,8.243197592902226298e-03,2.448368826218837949e-03,6.086095782663331413e-03,6.352251960968056596e-03,6.835202510442899178e-03,-5.015088422569096045e-03,5.133743764167661081e-03,-2.082315731721613369e-04,3.419647956088691992e-04,-7.621501842463469789e-04,3.198267051147653467e-04
2.810000000000000053e+00,8.300762675937576468e-03,8.294329097736023726e-03,2.446719097044351698e-03,6.089566620497145234e-03,6.344634002880317550e-03,6.838340289908021244e-03,-5.060525575897360795e-03,5.092124053412519155e-03,-1.225211699421575428e-04,3.492904959448141179e-04,-7.644443590351227870e-04,3.125473965919918192e-04
2.819999999999999840e+00,8.249935826141856221e-03,8.345039465834295025e-03,2.445924144544309609e-03,6.093105852771880590e-03,6.336988508898409519e-03,6.841413515852498919e-03,-5.104812881764262539e-03,5.049538279263771946e-03,-3.691078387364462102e-05,3.566179956232300640e-04,-7.666249565700395795e-04,3.052501879697325183e-04
2.830000000000000071e+00,8.198671043332632011e-03,8.395317858945077621e-03,2.445980848235326539e-03,6.096703530680058249e-03,6.329306298198814421e-03,6.844438450966790384e-03,-5.147905911116732770e-03,5.006051973168037551e-03,4.861082613185946540e-05,3.641483981420910840e-04,-7.685139790787397056e-04,2.976705293800399545e-04
2.839999999999999858e+00,8.146979454868646595e-03,8.445154714253513828e-03,2.446890979770307162e-03,6.100365619057994925e-03,6.321594640593008151e-03,6.847405121168081629e-03,-5.189915102934572998e-03,4.961578907064757848e-03,1.342259796191768708e-04,3.719066265876599855e-04,-7.700657583580590828e-04,2.897212728279977695e-04
2.850000000000000089e+00,8.094872657805148378e-03,8.494541700419728711e-03,2.448661224301981049e-03,6.104113874141306635e-03,6.313877199648269996e-03,6.850277444800313871e-03,-5.231102615226635756e-03,4.915884051549129254e-03,2.202814799915201772e-04,3.797391825577670034e-04,-7.713704336070373833e-04,2.814980672392697965e-04
2.859999999999999876e+00,8.042359714751210267e-03,8.543467496828755989e-03,2.451299201446190557e-03,6.107960162115185811e-03,6.306170719421349581e-03,6.853031848304291275e-03,-5.271477721530201145e-03,4.868967210311495736e-03,3.066168110753622069e-04,3.873453408449287639e-04,-7.727504159506341785e-04,2.734680005803052450e-04
2.870000000000000107e+00,7.989448827963300040e-03,8.591919823122318514e-03,2.454799512299817282e-03,6.111882579843339047e-03,6.298450853277666982e-03,6.855706052021279251e-03,-5.310737640893183412e-03,4.821116347642353563e-03,3.928219247352379945e-04,3.949159636813662829e-04,-7.740832742731574168e-04,2.654969390685132653e-04
2.879999999999999893e+00,7.936150379782579839e-03,8.639888494709979661e-03,2.459157144505854774e-03,6.115869071222497858e-03,6.290702556851491579e-03,6.858322978942173014e-03,-5.348761712367759887e-03,4.772419936343936381e-03,4.788451194560603731e-04,4.026892472133916504e-04,-7.751374346915437894e-04,2.572648918371220512e-04
2.890000000000000124e+00,7.882476066591807828e-03,8.687363971783016933e-03,2.464371742986568893e-03,6.119921715844224563e-03,6.282929033855460567e-03,6.860879249650259082e-03,-5.385570513410660454e-03,4.722801601990633119e-03,5.648043683325575104e-04,4.107320226109157139e-04,-7.758263601698705669e-04,2.486362208035809273e-04
2.899999999999999911e+00,7.828438898815346866e-03,8.734337359314408092e-03,2.470447609943498667e-03,6.124056728994909694e-03,6.275151736080580682e-03,6.863345182321214412e-03,-5.421325859883149335e-03,4.672020122929004468e-03,6.509873190692421711e-04,4.189397560674453132e-04,-7.762085505193554906e-04,2.396596406695628153e-04
2.910000000000000142e+00,7.774051170368344137e-03,8.780798164526617405e-03,2.477392344616815255e-03,6.128292628501670440e-03,6.267398098693439251e-03,6.865683655257759539e-03,-5.456151150068633965e-03,4.619912035740731879e-03,7.374730351066962957e-04,4.270315615050362858e-04,-7.765862689750986040e-04,2.307212962563571763e-04
2.919999999999999929e+00,7.719321888482524006e-03,8.826733416936570140e-03,2.485202312110320819e-03,6.132613799159938178e-03,6.259648324111040558e-03,6.867923284736424279e-03,-5.489765519965053402e-03,4.566808515530508365e-03,8.237450177272871623e-04,4.350446646360388498e-04,-7.769998147706114449e-04,2.219251777952114288e-04
2.930000000000000160e+00,7.664262372311907677e-03,8.872132990133752353e-03,2.493869973275014956e-03,6.137007091461255115e-03,6.251880663435614195e-03,6.870093433391164829e-03,-5.522011558444053433e-03,4.512844439746018475e-03,9.096952969237022835e-04,4.432143657314383412e-04,-7.771490802698777494e-04,2.129117282635806067e-04
2.939999999999999947e+00,7.608885415995371090e-03,8.916987144395479431e-03,2.503392410609781103e-03,6.141471239181733356e-03,6.244093525690714956e-03,6.872197374412468938e-03,-5.552876573795561405e-03,4.457984456499087568e-03,9.953973643181438739e-04,4.516195659156754328e-04,-7.768896560218216179e-04,2.035040240265189150e-04
2.950000000000000178e+00,7.553205257806430185e-03,8.961286482007732937e-03,2.513771372553018964e-03,6.146016784055403741e-03,6.236305484632398595e-03,6.874212329816866730e-03,-5.582490552669267837e-03,4.402026132304715650e-03,1.081099932317880312e-03,4.601801651578257585e-04,-7.762375667556089577e-04,1.937142539201034720e-04
2.959999999999999964e+00,7.497236559960585717e-03,9.005021000812695603e-03,2.525013072057607274e-03,6.150661942017117065e-03,6.228550323520385193e-03,6.876096539330951371e-03,-5.611057377454170374e-03,4.344713228478307501e-03,1.167055678942977969e-03,4.686517669894868922e-04,-7.754365355649991487e-04,1.838300967082729070e-04
2.970000000000000195e+00,7.440989357397939652e-03,9.048177727753171223e-03,2.537116678211867159e-03,6.155399144371335833e-03,6.220820189298696679e-03,6.877862148236061658e-03,-5.638417560040033180e-03,4.286355460487779358e-03,1.252786903007848058e-03,4.769483840789659934e-04,-7.747098983448228457e-04,1.741631711960253931e-04
2.979999999999999982e+00,7.384474863505395038e-03,9.090746820572164280e-03,2.550072821997434545e-03,6.160214435438370918e-03,6.213086910126566602e-03,6.879544250243110545e-03,-5.664411815692343803e-03,4.227176924990091490e-03,1.338111162290138694e-03,4.852791199698850192e-04,-7.737263812958092421e-04,1.643661524132710415e-04
2.990000000000000213e+00,7.327705743257397798e-03,9.132719104994966794e-03,2.563876405692572941e-03,6.165103703608632198e-03,6.205343450606135187e-03,6.881152832803614887e-03,-5.689014189155114365e-03,4.167198142996463191e-03,1.423066029305380996e-03,4.937401975988006024e-04,-7.722832561007037053e-04,1.542185246463294930e-04